-- MySQL dump 10.13  Distrib 5.1.30, for Win32 (ia32)
--
-- Host: localhost    Database: gurski
-- ------------------------------------------------------
-- Server version	5.1.30-community

/*!40101 SET @OLD_CHARACTER_SET_CLIENT=@@CHARACTER_SET_CLIENT */;
/*!40101 SET @OLD_CHARACTER_SET_RESULTS=@@CHARACTER_SET_RESULTS */;
/*!40101 SET @OLD_COLLATION_CONNECTION=@@COLLATION_CONNECTION */;
/*!40101 SET NAMES utf8 */;
/*!40103 SET @OLD_TIME_ZONE=@@TIME_ZONE */;
/*!40103 SET TIME_ZONE='+00:00' */;
/*!40014 SET @OLD_UNIQUE_CHECKS=@@UNIQUE_CHECKS, UNIQUE_CHECKS=0 */;
/*!40014 SET @OLD_FOREIGN_KEY_CHECKS=@@FOREIGN_KEY_CHECKS, FOREIGN_KEY_CHECKS=0 */;
/*!40101 SET @OLD_SQL_MODE=@@SQL_MODE, SQL_MODE='NO_AUTO_VALUE_ON_ZERO' */;
/*!40111 SET @OLD_SQL_NOTES=@@SQL_NOTES, SQL_NOTES=0 */;

--
-- Table structure for table `archivos`
--

DROP TABLE IF EXISTS `archivos`;
SET @saved_cs_client     = @@character_set_client;
SET character_set_client = utf8;
CREATE TABLE `archivos` (
  `id_archivo` varchar(100) NOT NULL,
  `id_proyecto` int(11) NOT NULL,
  `hash_code` varchar(120) NOT NULL,
  `path` varchar(200) DEFAULT NULL,
  `id_version_actual` int(11) NOT NULL,
  `id_release_actual` int(11) NOT NULL,
  `cargar_inicio` varchar(10) DEFAULT NULL,
  `estado` varchar(10) DEFAULT NULL,
  `usuario` varchar(30) DEFAULT NULL,
  PRIMARY KEY (`id_archivo`,`id_proyecto`,`hash_code`)
) ENGINE=InnoDB DEFAULT CHARSET=latin1;
SET character_set_client = @saved_cs_client;

--
-- Dumping data for table `archivos`
--

LOCK TABLES `archivos` WRITE;
/*!40000 ALTER TABLE `archivos` DISABLE KEYS */;
INSERT INTO `archivos` VALUES ('a.class.php',5,'60fa13b6cca800db2420c351aa233cd9','../projects/example03/a.class.php',1,0,'false','Libre',''),('apache_pb2.png',4,'5ca875e0d79495ffe0caaed03794eb58','../projects/example02/img/apache_pb2.png',1,0,'false','Libre',''),('Autocomplete.JPG',1,'5c6442996a9265305e8d3d12a503b2ed','../projects/garbarino/folder0/Autocomplete.JPG',1,0,'false','Libre',''),('autocomplete_popup.css',5,'3fe730b96e298ff6edd8d8c1c63a1687','../projects/example03/css/autocomplete_popup.css',1,0,'false','Libre',''),('Compressor.class.php',2,'d1cbd31a34ae84742fca8721125497e3','../projects/example01/php/Compressor.class.php',1,0,'false','Libre',''),('Compressor.tpl.php',2,'0162051f747bb2ad142f2205d4bc292a','../projects/example01/php/Compressor.tpl.php',1,0,'false','Libre',''),('controls.gif',4,'d700fe6bfbbd6200d64ae07c2ead1e1f','../projects/example02/img/controls.gif',1,0,'false','Libre',''),('dado-bofh.png',1,'4ff7c983a308bf65d028fdc84abb5442','../projects/garbarino/dddd/dado-bofh.png',1,0,'false','Libre',''),('Datos.txt',1,'e6e88b42a17837d31e6bdb414e3854c7','../projects/garbarino/dddd/Datos.txt',1,0,'false','Libre',''),('DB.class.php',1,'c1d3743cfa50b85fb7447a7f9376a6e9','../projects/garbarino/css/DB.class.php',1,0,'false','Libre',''),('DB.class.php',2,'8ec9834115beb8db3737853944d1387a','../projects/example01/php/DB.class.php',1,0,'false','Libre',''),('DB.php',1,'2d77ef2ffc20b28834b897b525b5e939','../projects/garbarino/css/DB.php',1,0,'false','Libre',''),('docu0000.JPG',1,'6ae3e5df85c757766275ea300366f035','../projects/garbarino/anwfolder/docu0000.JPG',1,0,'false','Libre',''),('Douglas.JPG',1,'aa7de3a396caed8ff1df32f3cc8e9897','../projects/garbarino/bbbb/Douglas.JPG',1,0,'false','Libre',''),('download [].jpg',5,'8faeef9074607bfeeb8f071d2ffd15b0','../projects/example03/python/download [].jpg',1,0,'false','Libre',''),('Empty.php',5,'a69f1701bc6844bd71d774afed932c9b','../projects/example03/Empty.php',1,0,'false','Libre',''),('empty_file',1,'53195e07a1ea1b315a476d98f2890d58','../projects/garbarino/php/empty_file',1,0,'false','Libre',''),('Empty_file.css',2,'99594a948a67ff3f24b3e2ed798dff28','../projects/example01/css/Empty_file.css',1,0,'false','Libre',''),('Empty_file.css',5,'3114451d90c8a82b4b1a507ebb4ad1bd','../projects/example03/css/Empty_file.css',1,0,'false','Libre',''),('Empty_file.html',1,'575aa81ec24c67df586a1831c7a2d7be','../projects/garbarino/css/Empty_file.html',1,0,'false','Libre',''),('Empty_file.html',5,'12565d971c44c72b9022c934f50b0624','../projects/example03/html/Empty_file.html',1,0,'false','Libre',''),('Empty_file.html',5,'844940965c61bdbc4ba5e0093704c0c1','../projects/example03/xml/Empty_file.html',1,0,'false','Libre',''),('Empty_file.js',1,'86a19bdeb5d5c33af6fa3c210e872d7f','../projects/garbarino/Empty_file.js',1,0,'false','Libre',''),('Empty_file.js',2,'7bda744bf02c618952c7c1f5304fd2a5','../projects/example01/Empty_file.js',1,0,'false','Libre',''),('empty_file.kk',5,'741d53acbe9e50f8a7585462f1ae44cc','../projects/example03/python/empty_file.kk',1,0,'false','Libre',NULL),('empty_file.sql',5,'8e92a9cbf2d52f928d55de0d49673658','../projects/example03/sql/empty_file.sql',1,0,'false','Libre',''),('Empty_file0.html',5,'ddd2931cb1a333e9b96d2886fd128dce','../projects/example03/html/Empty_file0.html',1,0,'false','Libre',NULL),('Empty_file0.html3',5,'cd12dd6c5585612a238686f4f24c614c','../projects/example03/html/Empty_file0.html3',1,0,'false','Libre',NULL),('F1_43.JPG',4,'43968f5dc33525471b1f78827247a856','../projects/example02/img/F1_43.JPG',1,0,'false','Libre',''),('filename.txt',2,'256c7569f915c8be2cb27c023fdeb179','../projects/example01/filename.txt',1,0,'false','Libre',''),('FliaDembogurski.jpg',4,'e3e2c8728546ce0a9f570d1e1d154232','../projects/example02/img/FliaDembogurski.jpg',1,0,'false','Libre',''),('functions.js',2,'420893d3aaaa1ad8248c48a58cef2e5e','../projects/example01/php/functions.js',1,0,'false','Libre',''),('functions.js',4,'909902c87c8108cfda25bf199ca8c3ab','../projects/example02/js/functions.js',1,0,'false','Libre',''),('index.html',3,'cf4e3782f04eab673b8f262e61f62d3d','../projects/todo/index.html',1,0,'false','Libre',''),('Index.lua',5,'8d265475e43ad9b747de4a1041a0acef','../projects/example03/lua/Index.lua',1,0,'false','Libre',''),('index.php',1,'ca114cb84a5eae15a3488af65d5277b3','../projects/garbarino/index.php',1,0,'false','Libre',''),('index.php',1,'f8a3313288ec0da4ca0f4e44673e8a0d','../projects/garbarino/folder0/index.php',1,0,'false','Libre',''),('index.php',2,'2cc7c1dc2c93829ebaa38760778ee6da','../projects/example01/index.php',1,0,'false','Libre',''),('index.php',4,'68e06d0c3a35df78a0c714e40361acf0','../projects/example02/php/index.php',1,0,'false','Libre',''),('Index.php',4,'ed2611e0b3f07d4ffdf20ea69d062277','../projects/example02/Index.php',1,0,'false','Libre',''),('index.php',5,'2fc8e830fa7ace846f18df93cd31df1f','../projects/example03/index.php',1,0,'false','Libre',''),('index.php',7,'70702bd41aed6cf7c4fccae8518a996c','../projects/test01/index.php',1,0,'false','Libre',''),('Index.py',5,'e7e4e5438458bbe4a4e7130ff2c1700a','../projects/example03/python/Index.py',1,0,'false','Libre',''),('jpgraph-2.3.4.tar.gz',2,'5fd16e86344ebc233bd90a0dcec4f5ea','../projects/example01/php/jpgraph-2.3.4.tar.gz',1,0,'false','Libre',''),('LineCounter.php',2,'9086a3743fa1ae33821a296ec2648644','../projects/example01/folder/anotherfolder/LineCounter.php',1,0,'false','Libre',''),('Linker.class.php',1,'55a5d2eb9e72834aa4e451ba7f5d0076','../projects/garbarino/bbbb/carpeta/Linker.class.php',1,0,'false','Libre',''),('md5.php',2,'f8fd123835db147b308ad8b10eddfd74','../projects/example01/php/md5.php',1,0,'false','Libre',''),('miar.php',1,'0dcdc28065543bd06833e0f28b344a11','../projects/garbarino/bbbb/carpeta/miar.php',1,0,'false','Libre',''),('miarchivo.php',2,'eacacf3d10718161b7cdabcc8ba38b69','../projects/example01/carpeta/miarchivo.php',1,0,'false','Libre',''),('MyIndex.html',5,'b65f85061be3a2a6fd598794420c1e22','../projects/example03/html/MyIndex.html',1,0,'false','Libre',NULL),('notification.xml',6,'c989d850c9b04fd814d4bbe8f95cb465','../projects/example04/xml/notification.xml',1,0,'false','Libre',''),('parql.html',4,'fbeacd1765a3adb98509f23106cc8958','../projects/example02/php/parql.html',1,0,'false','Libre',''),('PHPFile.class.php',1,'1d5c77427e6d27722599a8bae82143e8','../projects/garbarino/php/src/templates/PHPFile.class.php',1,0,'false','Libre',''),('PHPFile.class.php',1,'afbec6def66293a385c06c21e671789f','../projects/garbarino/anwfolder/PHPFile.class.php',1,0,'false','Libre',''),('PHPFile.class.php',1,'d21dcbf1843472973c972611cee1091d','../projects/garbarino/php/PHPFile.class.php',1,0,'false','Libre',''),('PHPFile.class.php',2,'a09434503b23db760d90b146b00e8287','../projects/example01/carpeta/PHPFile.class.php',1,0,'false','Libre',''),('PHPFile.class.php',2,'a78aeca85a39571064ebe1f0048b112f','../projects/example01/PHPFile.class.php',1,0,'false','Libre',''),('PHPFile.class.php',2,'c6e7e396e5a6ee55b254f607a7121625','../projects/example01/php/PHPFile.class.php',1,0,'false','Libre',''),('PHPFile.class2.php',2,'89bcfa78882544fd24c78e1832e5d8b2','../projects/example01/carpeta/PHPFile.class2.php',1,0,'false','Libre',''),('PHPFile.php',1,'76b88e6d7a734cd21a067f02e33ac66e','../projects/garbarino/css/PHPFile.php',1,0,'false','Libre',''),('PHPFile.php',1,'dca41502999e023cd45a0aa3e8e22913','../projects/garbarino/folder0/PHPFile.php',1,0,'false','Libre',''),('PHPFile.php',5,'d797325f7455611e8857d57e101d7a82','../projects/example03/php/PHPFile.php',1,0,'false','Libre',''),('PHPFile3.class.php',2,'3b4797186aa4149ac6cca5bf16896fd6','../projects/example01/PHPFile3.class.php',1,0,'false','Libre',''),('PHPFile4.class.php',2,'57a7d6c9af0063ead728afbf83e746f3','../projects/example01/PHPFile4.class.php',1,0,'false','Libre',''),('PHP_web_page.php',1,'67291e66cd07567605e4ec496ebcdd65','../projects/garbarino/php/PHP_web_page.php',1,0,'false','Libre',''),('PHP_web_page.php',1,'f3ddf1a3e8732536e09fc3a802e65d5c','../projects/garbarino/bbbb/PHP_web_page.php',1,0,'false','Libre',''),('PHP_web_page.php',2,'0c42d515e72c6023aca880946fa59ff5','../projects/example01/PHP_web_page.php',1,0,'false','Libre',''),('RDFTest.rdf',5,'cc6f2d73444f538bec913f8a8c5a28cd','../projects/example03/sparql/RDFTest.rdf',1,0,'false','Libre',''),('Register.class.php',2,'b3047028efaeb828cfcef5cda9b20441','../projects/example01/php/Register.class.php',1,0,'false','Libre',''),('slash.php',7,'10cd0795c77fde7f89164e334cb161b6','../projects/test01/slash.php',1,0,'false','Libre',NULL),('SouthPanel.class.php',2,'aac0121aafdf29b5e9316cd51b5ca1a5','../projects/example01/php/SouthPanel.class.php',1,0,'false','Libre',''),('Sparql.sql',1,'c962f98a116af40e3d5b3600ededf958','../projects/garbarino/php/Sparql.sql',1,0,'false','Libre',''),('style.css',4,'e8645e0e2b203d8c8785450939f558d6','../projects/example02/css/style.css',1,0,'false','Libre',''),('Test.class.php',1,'202593b86e93bf57dea32322a239ad69','../projects/garbarino/php/Test.class.php',1,0,'false','Libre',''),('Test.js',5,'499afa0f3ab7715f4d50e722f1488f8f','../projects/example03/js/Test.js',1,0,'false','Libre',''),('test.php',5,'510357cb566e9422a0d3f75d559f0097','../projects/example03/test.php',1,0,'false','Libre',''),('test.sparql',5,'e83f93cd0ecda8ec5f1de859a4be39dc','../projects/example03/sparql/test.sparql',1,0,'false','Libre',''),('test.sql',4,'51994a3cb4bc1be00d1cef9960344a7d','../projects/example02/test.sql',1,0,'false','Libre',''),('test.sql',6,'4327585963e9968fd9ba978f86cea680','../projects/example04/test.sql',1,0,'false','Libre',NULL),('test.xml',6,'9c3b968da795e0c48fa3874fb1423980','../projects/example04/xml/test.xml',1,0,'false','Libre',''),('test.xml',7,'2e488c73362c7a0281e1d8f60d13bb07','../projects/test01/test.xml',1,0,'false','Libre',''),('test01.php',1,'7810b9d1fe0fd3d7178a7c39f9444036','../projects/garbarino/test01.php',1,0,'false','Libre',''),('Test_lista.php',5,'36606f8c7ef4403dff2a1931a8045d67','../projects/example03/Test_lista.php',1,0,'false','Libre',''),('text.xml',5,'31d0094c9d750f7532df9474188d3563','../projects/example03/xml/text.xml',1,0,'false','Libre',''),('todo.txt',3,'1da4fc5eb73c245eec339f13d9a903ff','../projects/todo/todo.txt',1,0,'false','Libre',''),('Toolbar Icons-192.jpg',5,'6bf4e582015ecaaabcb5eee69706606e','../projects/example03/python/Toolbar Icons-192.jpg',1,0,'false','Libre',''),('upload.jpg',5,'8b4fbe50523f0fcf8f58cf5385ff3a1f','../projects/example03/python/upload.jpg',1,0,'false','Libre','');
/*!40000 ALTER TABLE `archivos` ENABLE KEYS */;
UNLOCK TABLES;

--
-- Table structure for table `kb`
--

DROP TABLE IF EXISTS `kb`;
SET @saved_cs_client     = @@character_set_client;
SET character_set_client = utf8;
CREATE TABLE `kb` (
  `id_kb` int(10) unsigned NOT NULL AUTO_INCREMENT,
  `id_usuario` int(11) NOT NULL,
  `id_lenguaje` varchar(30) NOT NULL,
  `nombre` varchar(100) DEFAULT NULL,
  `descrip` varchar(200) DEFAULT NULL,
  `cuerpo` varchar(10000) DEFAULT NULL,
  `compartida` varchar(10) DEFAULT NULL,
  PRIMARY KEY (`id_kb`)
) ENGINE=InnoDB DEFAULT CHARSET=latin1;
SET character_set_client = @saved_cs_client;

--
-- Dumping data for table `kb`
--

LOCK TABLES `kb` WRITE;
/*!40000 ALTER TABLE `kb` DISABLE KEYS */;
/*!40000 ALTER TABLE `kb` ENABLE KEYS */;
UNLOCK TABLES;

--
-- Table structure for table `lenguajes`
--

DROP TABLE IF EXISTS `lenguajes`;
SET @saved_cs_client     = @@character_set_client;
SET character_set_client = utf8;
CREATE TABLE `lenguajes` (
  `id_lenguaje` varchar(30) NOT NULL,
  PRIMARY KEY (`id_lenguaje`)
) ENGINE=InnoDB DEFAULT CHARSET=latin1;
SET character_set_client = @saved_cs_client;

--
-- Dumping data for table `lenguajes`
--

LOCK TABLES `lenguajes` WRITE;
/*!40000 ALTER TABLE `lenguajes` DISABLE KEYS */;
/*!40000 ALTER TABLE `lenguajes` ENABLE KEYS */;
UNLOCK TABLES;

--
-- Table structure for table `log_auditoria`
--

DROP TABLE IF EXISTS `log_auditoria`;
SET @saved_cs_client     = @@character_set_client;
SET character_set_client = utf8;
CREATE TABLE `log_auditoria` (
  `id_log` int(10) unsigned NOT NULL AUTO_INCREMENT,
  `id_usuario` int(11) NOT NULL,
  `id_proyecto` int(11) NOT NULL,
  `fechah` datetime DEFAULT NULL,
  `log` varchar(10000) DEFAULT NULL,
  `tipo` varchar(20) DEFAULT NULL,
  PRIMARY KEY (`id_log`)
) ENGINE=InnoDB DEFAULT CHARSET=latin1;
SET character_set_client = @saved_cs_client;

--
-- Dumping data for table `log_auditoria`
--

LOCK TABLES `log_auditoria` WRITE;
/*!40000 ALTER TABLE `log_auditoria` DISABLE KEYS */;
/*!40000 ALTER TABLE `log_auditoria` ENABLE KEYS */;
UNLOCK TABLES;

--
-- Table structure for table `logs`
--

DROP TABLE IF EXISTS `logs`;
SET @saved_cs_client     = @@character_set_client;
SET character_set_client = utf8;
CREATE TABLE `logs` (
  `id_log` int(10) unsigned NOT NULL AUTO_INCREMENT,
  `id_usuario` int(11) NOT NULL,
  `nick` varchar(24) DEFAULT NULL,
  `fecha` datetime DEFAULT NULL,
  `log` varchar(1024) DEFAULT NULL,
  PRIMARY KEY (`id_log`)
) ENGINE=InnoDB AUTO_INCREMENT=1027 DEFAULT CHARSET=latin1;
SET character_set_client = @saved_cs_client;

--
-- Dumping data for table `logs`
--

LOCK TABLES `logs` WRITE;
/*!40000 ALTER TABLE `logs` DISABLE KEYS */;
INSERT INTO `logs` VALUES (1,22,'douglas','2009-10-29 15:53:57','Try Login from 127.0.0.1 success'),(2,22,'douglas','2009-10-29 15:54:08','Logout from 127.0.0.1'),(3,22,'douglas','2009-10-29 16:58:06','Try Login from 127.0.0.1 success'),(4,22,'douglas','2009-10-29 18:29:46','Try Login from 127.0.0.1 success'),(5,22,'douglas','2009-10-29 18:45:45','Try Login from 127.0.0.1 success'),(6,22,'douglas','2009-10-29 18:46:11','Try Login from 127.0.0.1 success'),(7,22,'douglas','2009-10-29 19:08:14','Try Login from 127.0.0.1 success'),(8,22,'douglas','2009-10-29 19:11:20','Try Login from 127.0.0.1 success'),(9,22,'douglas','2009-10-29 20:18:55','Try Login from 127.0.0.1 success'),(10,22,'douglas','2009-10-29 20:27:45','Try Login from 127.0.0.1 success'),(11,22,'douglas','2009-10-29 20:40:06','Try Login from 127.0.0.1 success'),(12,22,'douglas','2009-10-29 20:41:21','Try Login from 127.0.0.1 success'),(13,22,'douglas','2009-10-29 20:41:39','Try Login from 127.0.0.1 success'),(14,22,'douglas','2009-10-29 20:43:14','Try Login from 127.0.0.1 success'),(15,22,'douglas','2009-10-29 20:44:30','Try Login from 127.0.0.1 success'),(16,22,'douglas','2009-10-29 20:46:16','Try Login from 127.0.0.1 success'),(17,22,'douglas','2009-10-29 20:47:20','Try Login from 127.0.0.1 success'),(18,22,'douglas','2009-10-29 20:47:50','Try Login from 127.0.0.1 success'),(19,22,'douglas','2009-10-29 20:49:44','Try Login from 127.0.0.1 success'),(20,22,'douglas','2009-10-29 20:51:03','Try Login from 127.0.0.1 success'),(21,22,'douglas','2009-10-29 20:51:56','Try Login from 127.0.0.1 success'),(22,22,'douglas','2009-10-29 20:52:57','Try Login from 127.0.0.1 success'),(23,22,'douglas','2009-10-29 20:53:32','Try Login from 127.0.0.1 success'),(24,22,'douglas','2009-10-29 20:53:48','Try Login from 127.0.0.1 success'),(25,22,'douglas','2009-10-29 20:54:29','Try Login from 127.0.0.1 success'),(26,22,'douglas','2009-10-29 20:55:01','Try Login from 127.0.0.1 success'),(27,22,'douglas','2009-10-29 23:14:08','Try Login from 127.0.0.1 success'),(28,22,'douglas','2009-10-30 00:00:08','Try Login from 127.0.0.1 success'),(29,22,'douglas','2009-10-30 00:05:10','Try Login from 127.0.0.1 success'),(30,22,'douglas','2009-10-30 00:09:11','Try Login from 127.0.0.1 success'),(31,22,'douglas','2009-10-30 00:15:42','Try Login from 127.0.0.1 success'),(32,22,'douglas','2009-10-30 00:16:33','Try Login from 127.0.0.1 success'),(33,22,'douglas','2009-10-30 00:21:08','Try Login from 127.0.0.1 success'),(34,22,'douglas','2009-10-30 00:25:22','Try Login from 127.0.0.1 success'),(35,22,'douglas','2009-10-30 00:26:30','Try Login from 127.0.0.1 success'),(36,22,'douglas','2009-10-30 00:27:34','Try Login from 127.0.0.1 success'),(37,22,'douglas','2009-10-30 00:29:28','Try Login from 127.0.0.1 success'),(38,22,'douglas','2009-10-30 00:35:03','Try Login from 127.0.0.1 success'),(39,22,'douglas','2009-10-30 00:37:31','Try Login from 127.0.0.1 success'),(40,22,'douglas','2009-10-30 00:40:09','Try Login from 127.0.0.1 success'),(41,22,'douglas','2009-10-30 00:41:57','Try Login from 127.0.0.1 success'),(42,22,'douglas','2009-10-30 00:43:19','Try Login from 127.0.0.1 success'),(43,22,'douglas','2009-10-30 00:47:52','Try Login from 127.0.0.1 success'),(44,22,'douglas','2009-10-30 00:51:09','Try Login from 127.0.0.1 success'),(45,22,'douglas','2009-10-30 01:09:18','Try Login from 127.0.0.1 success'),(46,22,'douglas','2009-10-30 01:25:13','Try Login from 127.0.0.1 success'),(47,22,'douglas','2009-10-30 01:25:54','Try Login from 127.0.0.1 success'),(48,22,'douglas','2009-10-30 01:26:28','Try Login from 127.0.0.1 success'),(49,22,'douglas','2009-10-30 01:26:50','Try Login from 127.0.0.1 success'),(50,22,'douglas','2009-10-30 01:30:53','Try Login from 127.0.0.1 success'),(51,22,'douglas','2009-10-30 01:31:19','Try Login from 127.0.0.1 success'),(52,22,'douglas','2009-10-30 01:36:07','Try Login from 127.0.0.1 success'),(53,22,'douglas','2009-10-30 01:38:49','Try Login from 127.0.0.1 success'),(54,22,'douglas','2009-10-30 01:39:08','Try Login from 127.0.0.1 success'),(55,22,'douglas','2009-10-30 01:40:47','Try Login from 127.0.0.1 success'),(56,22,'douglas','2009-10-30 01:45:57','Try Login from 127.0.0.1 success'),(57,22,'douglas','2009-10-30 01:47:44','Try Login from 127.0.0.1 success'),(58,22,'douglas','2009-10-30 01:47:46','Try Login from 127.0.0.1 success'),(59,22,'douglas','2009-10-30 01:50:16','Try Login from 127.0.0.1 success'),(60,22,'douglas','2009-10-30 01:51:21','Try Login from 127.0.0.1 success'),(61,22,'douglas','2009-10-30 01:51:53','Try Login from 127.0.0.1 success'),(62,22,'douglas','2009-10-30 01:52:27','Try Login from 127.0.0.1 success'),(63,22,'douglas','2009-10-30 02:07:03','Try Login from 192.168.0.250 success'),(64,22,'douglas','2009-10-30 02:08:26','Try Login from 127.0.0.1 success'),(65,22,'douglas','2009-10-30 02:28:37','Try Login from 127.0.0.1 success'),(66,22,'douglas','2009-10-30 02:30:32','Try Login from 127.0.0.1 success'),(67,22,'douglas','2009-10-30 02:32:08','Try Login from 127.0.0.1 success'),(68,22,'douglas','2009-10-30 02:32:38','Try Login from 127.0.0.1 success'),(69,22,'douglas','2009-10-30 02:33:56','Try Login from 127.0.0.1 success'),(70,22,'douglas','2009-10-30 02:37:10','Try Login from 127.0.0.1 success'),(71,22,'douglas','2009-10-30 02:39:42','Try Login from 127.0.0.1 success'),(72,22,'douglas','2009-10-30 02:41:09','Try Login from 127.0.0.1 success'),(73,22,'douglas','2009-10-30 02:41:52','Try Login from 127.0.0.1 success'),(74,22,'douglas','2009-10-30 02:44:29','Try Login from 127.0.0.1 success'),(75,22,'douglas','2009-10-30 02:45:07','Try Login from 127.0.0.1 success'),(76,22,'douglas','2009-10-30 03:24:28','Try Login from 127.0.0.1 success'),(77,22,'douglas','2009-10-30 14:33:50','Try Login from 127.0.0.1 success'),(78,22,'douglas','2009-10-30 14:34:29','Try Login from 127.0.0.1 success'),(79,22,'douglas','2009-10-30 19:07:28','Try Login from 127.0.0.1 success'),(80,22,'douglas','2009-10-30 19:47:02','Try Login from 127.0.0.1 success'),(81,0,'douglasdd','2009-10-30 20:49:18','Try Login from 127.0.0.1 unsuccessfully'),(82,0,'douglasddff','2009-10-30 20:49:23','Try Login from 127.0.0.1 unsuccessfully'),(83,0,'douglasddff','2009-10-30 20:49:31','Try Login from 127.0.0.1 unsuccessfully'),(84,22,'douglas','2009-10-30 20:50:16','Try Login from 127.0.0.1 success'),(85,22,'douglas','2009-10-30 20:50:22','Logout from 127.0.0.1'),(86,22,'douglas','2009-10-30 21:06:24','Try Login from 127.0.0.1 success'),(87,22,'douglas','2009-10-31 15:03:15','Try Login from 127.0.0.1 success'),(88,22,'douglas','2009-10-31 15:30:07','Try Login from 127.0.0.1 success'),(89,22,'douglas','2009-10-31 15:33:34','Try Login from 127.0.0.1 success'),(90,22,'douglas','2009-10-31 15:40:16','Try Login from 127.0.0.1 success'),(91,22,'douglas','2009-10-31 16:16:24','Logout from 127.0.0.1'),(92,22,'douglas','2009-10-31 16:17:57','Try Login from 127.0.0.1 success'),(93,22,'douglas','2009-11-02 15:18:24','Try Login from 127.0.0.1 success'),(94,22,'douglas','2009-11-02 15:20:20','Try Login from 127.0.0.1 success'),(95,22,'douglas','2009-11-02 15:20:38','Try Login from 127.0.0.1 success'),(96,22,'douglas','2009-11-03 11:34:37','Try Login from 127.0.0.1 success'),(97,22,'douglas','2009-11-03 11:40:26','Try Login from 127.0.0.1 success'),(98,22,'douglas','2009-11-03 12:56:53','Try Login from 127.0.0.1 success'),(99,22,'douglas','2009-11-03 13:01:01','Try Login from 127.0.0.1 success'),(100,22,'douglas','2009-11-03 13:03:50','Try Login from 127.0.0.1 success'),(101,22,'douglas','2009-11-03 13:11:52','Try Login from 127.0.0.1 success'),(102,22,'douglas','2009-11-03 13:45:22','Try Login from 127.0.0.1 success'),(103,22,'douglas','2009-11-03 14:58:20','Try Login from 127.0.0.1 success'),(104,22,'douglas','2009-11-03 15:35:20','Logout from 127.0.0.1'),(105,22,'douglas','2009-11-03 15:36:30','Try Login from 127.0.0.1 success'),(106,22,'douglas','2009-11-03 15:42:55','Try Login from 127.0.0.1 success'),(107,22,'douglas','2009-11-03 15:46:52','Try Login from 127.0.0.1 success'),(108,22,'douglas','2009-11-03 16:00:32','Try Login from 127.0.0.1 success'),(109,22,'douglas','2009-11-03 16:05:46','Try Login from 127.0.0.1 success'),(110,22,'douglas','2009-11-03 16:36:57','Try Login from 127.0.0.1 success'),(111,22,'douglas','2009-11-03 16:41:02','Try Login from 127.0.0.1 success'),(112,22,'douglas','2009-11-03 16:59:12','Try Login from 127.0.0.1 success'),(113,22,'douglas','2009-11-03 19:22:42','Try Login from 127.0.0.1 success'),(114,22,'douglas','2009-11-03 19:50:15','Try Login from 127.0.0.1 success'),(115,22,'douglas','2009-11-03 20:03:17','Try Login from 127.0.0.1 success'),(116,22,'douglas','2009-11-03 20:09:05','Try Login from 127.0.0.1 success'),(117,22,'douglas','2009-11-03 21:41:44','Try Login from 127.0.0.1 success'),(118,22,'douglas','2009-11-03 23:56:29','Try Login from 127.0.0.1 success'),(119,22,'douglas','2009-11-03 23:59:54','Try Login from 127.0.0.1 success'),(120,22,'douglas','2009-11-04 08:51:55','Try Login from 127.0.0.1 success'),(121,22,'douglas','2009-11-04 08:55:04','Try Login from 127.0.0.1 success'),(122,22,'douglas','2009-11-04 09:02:09','Try Login from 127.0.0.1 success'),(123,22,'douglas','2009-11-04 09:05:07','Try Login from 127.0.0.1 success'),(124,22,'douglas','2009-11-04 09:06:44','Try Login from 127.0.0.1 success'),(125,22,'douglas','2009-11-04 15:32:20','Try Login from 127.0.0.1 success'),(126,22,'douglas','2009-11-04 16:28:25','Try Login from 127.0.0.1 success'),(127,22,'douglas','2009-11-04 16:28:43','Try Login from 127.0.0.1 success'),(128,22,'douglas','2009-11-04 16:30:53','Try Login from 127.0.0.1 success'),(129,22,'douglas','2009-11-04 17:57:51','Try Login from 192.168.0.240 success'),(130,22,'douglas','2009-11-05 09:37:35','Try Login from 127.0.0.1 success'),(131,22,'douglas','2009-11-05 10:03:23','Try Login from 127.0.0.1 success'),(132,22,'douglas','2009-11-05 10:13:08','Try Login from 192.168.0.240 success'),(133,22,'douglas','2009-11-05 11:36:35','Try Login from 127.0.0.1 success'),(134,22,'douglas','2009-11-05 11:38:50','Try Login from 127.0.0.1 success'),(135,22,'douglas','2009-11-05 11:39:18','Try Login from 192.168.0.240 success'),(136,22,'douglas','2009-11-05 11:43:10','Try Login from 127.0.0.1 success'),(137,22,'douglas','2009-11-05 11:43:21','Try Login from 192.168.0.240 success'),(138,22,'douglas','2009-11-05 11:46:20','Try Login from 127.0.0.1 success'),(139,22,'douglas','2009-11-05 11:50:20','Try Login from 192.168.0.240 success'),(140,22,'douglas','2009-11-05 12:40:48','Logout from 127.0.0.1'),(141,23,'fede','2009-11-05 12:41:08','Try Login from 127.0.0.1 unsuccessfully'),(142,23,'fede','2009-11-05 12:41:16','Try Login from 127.0.0.1 unsuccessfully'),(143,23,'fede','2009-11-05 12:41:23','Try Login from 127.0.0.1 unsuccessfully'),(144,23,'fede','2009-11-05 12:41:33','Try Login from 127.0.0.1 unsuccessfully'),(145,23,'fede','2009-11-05 12:42:35','Try Login from 127.0.0.1 success'),(146,23,'fede','2009-11-05 12:45:21','Try Login from 127.0.0.1 success'),(147,22,'douglas','2009-11-05 12:48:58','Try Login from 127.0.0.1 success'),(148,22,'douglas','2009-11-09 14:12:26','Try Login from 127.0.0.1 success'),(149,22,'douglas','2009-11-09 15:13:49','Try Login from 127.0.0.1 success'),(150,22,'douglas','2009-11-09 15:17:46','Try Login from 127.0.0.1 success'),(151,22,'douglas','2009-11-09 16:51:44','Try Login from 127.0.0.1 success'),(152,22,'douglas','2009-11-10 01:10:24','Try Login from 127.0.0.1 success'),(153,22,'douglas','2009-11-10 01:11:00','Try Login from 127.0.0.1 success'),(154,22,'douglas','2009-11-10 01:14:41','Try Login from 127.0.0.1 success'),(155,22,'douglas','2009-11-10 14:42:09','Try Login from 127.0.0.1 success'),(156,22,'douglas','2009-11-10 16:59:35','Try Login from 127.0.0.1 success'),(157,22,'douglas','2009-11-10 17:05:32','Try Login from 127.0.0.1 success'),(158,22,'douglas','2009-11-10 17:23:24','Try Login from 127.0.0.1 success'),(159,22,'douglas','2009-11-10 17:23:35','Try Login from 127.0.0.1 success'),(160,22,'douglas','2009-11-10 17:24:02','Try Login from 127.0.0.1 success'),(161,22,'douglas','2009-11-10 17:24:07','Try Login from 127.0.0.1 success'),(162,22,'douglas','2009-11-10 17:38:05','Try Login from 127.0.0.1 success'),(163,23,'fede','2009-11-10 17:38:24','Try Login from 127.0.0.1 unsuccessfully'),(164,23,'fede','2009-11-10 17:38:39','Try Login from 127.0.0.1 unsuccessfully'),(165,28,'federico','2009-11-10 17:38:46','Try Login from 127.0.0.1 unsuccessfully'),(166,28,'federico','2009-11-10 17:38:46','Try Login from 127.0.0.1 unsuccessfully'),(167,22,'douglas','2009-11-10 17:39:14','Try Login from 127.0.0.1 success'),(168,22,'douglas','2009-11-10 17:39:45','Try Login from 127.0.0.1 success'),(169,22,'douglas','2009-11-10 17:40:12','Try Login from 127.0.0.1 success'),(170,22,'douglas','2009-11-10 17:41:21','Try Login from 127.0.0.1 success'),(171,28,'federico','2009-11-10 20:16:42','Try Login from 127.0.0.1 unsuccessfully'),(172,23,'fede','2009-11-10 20:16:50','Try Login from 127.0.0.1 unsuccessfully'),(173,23,'fede','2009-11-10 20:16:52','Try Login from 127.0.0.1 unsuccessfully'),(174,23,'fede','2009-11-10 20:16:52','Try Login from 127.0.0.1 unsuccessfully'),(175,23,'fede','2009-11-10 20:16:57','Try Login from 127.0.0.1 unsuccessfully'),(176,23,'fede','2009-11-10 20:17:07','Try Login from 127.0.0.1 unsuccessfully'),(177,28,'federico','2009-11-10 20:17:14','Try Login from 127.0.0.1 unsuccessfully'),(178,28,'federico','2009-11-10 20:17:23','Try Login from 127.0.0.1 unsuccessfully'),(179,22,'douglas','2009-11-10 20:17:38','Try Login from 127.0.0.1 success'),(180,22,'douglas','2009-11-10 20:18:16','Try Login from 127.0.0.1 success'),(181,22,'douglas','2009-11-10 20:26:30','Try Login from 127.0.0.1 success'),(182,22,'douglas','2009-11-10 20:26:45','Try Login from 127.0.0.1 success'),(183,0,'','2009-11-10 20:27:38','Try Login from 127.0.0.1 unsuccessfully'),(184,22,'douglas','2009-11-10 20:27:49','Try Login from 127.0.0.1 success'),(185,22,'douglas','2009-11-10 20:28:00','Try Login from 127.0.0.1 success'),(186,22,'douglas','2009-11-10 20:28:10','Try Login from 127.0.0.1 success'),(187,22,'douglas','2009-11-10 20:36:04','Try Login from 127.0.0.1 success'),(188,22,'douglas','2009-11-10 21:39:53','Try Login from 127.0.0.1 success'),(189,22,'douglas','2009-11-10 22:09:03','Try Login from 127.0.0.1 success'),(190,22,'douglas','2009-11-11 01:00:38','Try Login from 127.0.0.1 success'),(191,22,'douglas','2009-11-11 16:12:55','Try Login from 127.0.0.1 success'),(192,22,'douglas','2009-11-11 18:29:13','Try Login from 127.0.0.1 success'),(193,22,'douglas','2009-11-11 18:41:55','Logout from 127.0.0.1'),(194,22,'douglas','2009-11-11 18:42:11','Try Login from 127.0.0.1 success'),(195,22,'douglas','2009-11-11 20:08:29','Try Login from 127.0.0.1 success'),(196,22,'douglas','2009-11-11 20:19:43','Try Login from 127.0.0.1 success'),(197,22,'douglas','2009-11-11 20:22:58','Try Login from 127.0.0.1 success'),(198,22,'douglas','2009-11-12 00:42:14','Try Login from 127.0.0.1 success'),(199,22,'douglas','2009-11-12 00:42:17','Logout from 127.0.0.1'),(200,22,'douglas','2009-11-12 00:43:08','Try Login from 127.0.0.1 success'),(201,22,'douglas','2009-11-12 00:50:40','Try Login from 127.0.0.1 success'),(202,22,'douglas','2009-11-12 00:54:25','Try Login from 127.0.0.1 success'),(203,22,'douglas','2009-11-12 00:57:32','Try Login from 127.0.0.1 success'),(204,22,'douglas','2009-11-12 00:59:51','Try Login from 127.0.0.1 success'),(205,22,'douglas','2009-11-12 01:00:34','Try Login from 127.0.0.1 success'),(206,22,'douglas','2009-11-12 01:02:42','Try Login from 127.0.0.1 success'),(207,22,'douglas','2009-11-12 01:02:55','Try Login from 127.0.0.1 success'),(208,0,'','2009-11-12 01:04:34','Try Login from 127.0.0.1 unsuccessfully'),(209,0,'fdfdf','2009-11-12 01:04:36','Try Login from 127.0.0.1 unsuccessfully'),(210,22,'douglas','2009-11-12 01:30:11','Try Login from 127.0.0.1 success'),(211,22,'douglas','2009-11-12 01:30:35','Try Login from 127.0.0.1 success'),(212,22,'douglas','2009-11-12 13:14:15','Try Login from 127.0.0.1 success'),(213,22,'douglas','2009-11-12 13:20:27','Try Login from 127.0.0.1 success'),(214,22,'douglas','2009-11-12 13:22:50','Try Login from 127.0.0.1 success'),(215,22,'douglas','2009-11-12 13:35:26','Try Login from 127.0.0.1 success'),(216,22,'douglas','2009-11-12 13:44:22','Try Login from 127.0.0.1 success'),(217,22,'douglas','2009-11-12 13:49:17','Try Login from 127.0.0.1 success'),(218,22,'douglas','2009-11-12 13:50:39','Try Login from 127.0.0.1 success'),(219,22,'douglas','2009-11-12 13:51:55','Try Login from 127.0.0.1 success'),(220,22,'douglas','2009-11-12 13:52:50','Try Login from 127.0.0.1 success'),(221,22,'douglas','2009-11-12 14:22:16','Try Login from 127.0.0.1 success'),(222,22,'douglas','2009-11-12 14:24:02','Try Login from 127.0.0.1 success'),(223,22,'douglas','2009-11-12 14:25:09','Try Login from 127.0.0.1 success'),(224,22,'douglas','2009-11-12 14:40:21','Try Login from 127.0.0.1 success'),(225,22,'douglas','2009-11-12 14:42:30','Try Login from 127.0.0.1 success'),(226,22,'douglas','2009-11-12 14:43:45','Try Login from 127.0.0.1 success'),(227,22,'douglas','2009-11-12 14:44:44','Try Login from 127.0.0.1 success'),(228,22,'douglas','2009-11-12 15:08:53','Try Login from 127.0.0.1 success'),(229,22,'douglas','2009-11-12 15:10:16','Try Login from 127.0.0.1 success'),(230,22,'douglas','2009-11-12 15:18:39','Try Login from 127.0.0.1 success'),(231,22,'douglas','2009-11-12 15:30:21','Try Login from 127.0.0.1 success'),(232,22,'douglas','2009-11-12 15:30:44','Try Login from 127.0.0.1 success'),(233,22,'douglas','2009-11-12 15:32:10','Try Login from 127.0.0.1 success'),(234,22,'douglas','2009-11-12 15:34:21','Try Login from 127.0.0.1 success'),(235,22,'douglas','2009-11-12 15:37:02','Try Login from 127.0.0.1 success'),(236,22,'douglas','2009-11-12 15:40:04','Try Login from 127.0.0.1 success'),(237,22,'douglas','2009-11-12 15:44:12','Try Login from 127.0.0.1 success'),(238,22,'douglas','2009-11-12 15:45:05','Try Login from 127.0.0.1 success'),(239,22,'douglas','2009-11-12 15:48:07','Try Login from 127.0.0.1 success'),(240,22,'douglas','2009-11-12 15:53:49','Try Login from 127.0.0.1 success'),(241,22,'douglas','2009-11-12 15:56:06','Try Login from 127.0.0.1 success'),(242,22,'douglas','2009-11-12 16:00:53','Try Login from 127.0.0.1 success'),(243,22,'douglas','2009-11-12 16:17:45','Try Login from 127.0.0.1 success'),(244,22,'douglas','2009-11-12 16:21:31','Try Login from 127.0.0.1 success'),(245,22,'douglas','2009-11-12 16:24:45','Try Login from 127.0.0.1 success'),(246,22,'douglas','2009-11-12 16:28:42','Try Login from 127.0.0.1 success'),(247,22,'douglas','2009-11-12 16:31:02','Try Login from 127.0.0.1 success'),(248,22,'douglas','2009-11-12 16:38:19','Try Login from 127.0.0.1 success'),(249,22,'douglas','2009-11-12 16:43:21','Try Login from 127.0.0.1 success'),(250,22,'douglas','2009-11-12 16:44:11','Try Login from 127.0.0.1 success'),(251,22,'douglas','2009-11-12 16:45:31','Try Login from 127.0.0.1 success'),(252,22,'douglas','2009-11-12 16:46:42','Try Login from 127.0.0.1 success'),(253,22,'douglas','2009-11-12 16:51:01','Try Login from 127.0.0.1 success'),(254,22,'douglas','2009-11-12 16:53:07','Try Login from 127.0.0.1 success'),(255,22,'douglas','2009-11-12 16:56:35','Try Login from 127.0.0.1 success'),(256,22,'douglas','2009-11-12 16:57:25','Try Login from 127.0.0.1 success'),(257,22,'douglas','2009-11-12 16:59:21','Try Login from 127.0.0.1 success'),(258,22,'douglas','2009-11-12 17:01:18','Try Login from 127.0.0.1 success'),(259,22,'douglas','2009-11-12 17:03:45','Try Login from 127.0.0.1 success'),(260,22,'douglas','2009-11-12 17:05:13','Try Login from 127.0.0.1 success'),(261,22,'douglas','2009-11-12 17:08:27','Try Login from 127.0.0.1 success'),(262,22,'douglas','2009-11-12 17:09:54','Try Login from 127.0.0.1 success'),(263,22,'douglas','2009-11-12 17:11:39','Try Login from 127.0.0.1 success'),(264,22,'douglas','2009-11-12 17:13:10','Try Login from 127.0.0.1 success'),(265,22,'douglas','2009-11-12 17:25:03','Try Login from 127.0.0.1 success'),(266,22,'douglas','2009-11-12 17:25:54','Try Login from 127.0.0.1 success'),(267,22,'douglas','2009-11-12 17:38:33','Try Login from 127.0.0.1 success'),(268,22,'douglas','2009-11-12 17:41:54','Try Login from 127.0.0.1 success'),(269,22,'douglas','2009-11-12 17:43:14','Try Login from 127.0.0.1 success'),(270,22,'douglas','2009-11-12 17:45:45','Try Login from 127.0.0.1 success'),(271,22,'douglas','2009-11-12 17:48:04','Try Login from 127.0.0.1 success'),(272,22,'douglas','2009-11-12 17:50:00','Try Login from 127.0.0.1 success'),(273,22,'douglas','2009-11-12 17:51:40','Try Login from 127.0.0.1 success'),(274,22,'douglas','2009-11-12 17:53:27','Try Login from 127.0.0.1 success'),(275,22,'douglas','2009-11-12 17:57:30','Try Login from 127.0.0.1 success'),(276,22,'douglas','2009-11-12 18:01:03','Try Login from 127.0.0.1 success'),(277,22,'douglas','2009-11-12 18:19:26','Try Login from 127.0.0.1 success'),(278,22,'douglas','2009-11-12 18:20:08','Try Login from 127.0.0.1 success'),(279,22,'douglas','2009-11-12 18:23:09','Try Login from 127.0.0.1 success'),(280,22,'douglas','2009-11-12 18:45:48','Try Login from 127.0.0.1 success'),(281,22,'douglas','2009-11-12 18:51:21','Try Login from 127.0.0.1 success'),(282,22,'douglas','2009-11-12 18:56:45','Try Login from 127.0.0.1 success'),(283,22,'douglas','2009-11-12 18:57:36','Try Login from 127.0.0.1 success'),(284,22,'douglas','2009-11-12 18:58:33','Try Login from 127.0.0.1 success'),(285,22,'douglas','2009-11-12 20:51:05','Try Login from 127.0.0.1 success'),(286,22,'douglas','2009-11-14 20:46:02','Try Login from 127.0.0.1 success'),(287,22,'douglas','2009-11-16 08:27:28','Try Login from 127.0.0.1 success'),(288,22,'douglas','2009-11-16 09:00:55','Try Login from 127.0.0.1 success'),(289,22,'douglas','2009-11-16 22:44:37','Try Login from 127.0.0.1 success'),(290,22,'douglas','2009-11-17 11:58:06','Try Login from 127.0.0.1 success'),(291,22,'douglas','2009-11-17 12:41:08','Try Login from 127.0.0.1 success'),(292,22,'douglas','2009-11-17 18:00:43','Try Login from 127.0.0.1 success'),(293,22,'douglas','2009-11-17 18:04:41','Try Login from 127.0.0.1 success'),(294,22,'douglas','2009-11-17 18:11:52','Try Login from 127.0.0.1 success'),(295,22,'douglas','2009-11-17 20:35:17','Try Login from 127.0.0.1 success'),(296,22,'douglas','2009-11-17 20:35:48','Try Login from 127.0.0.1 success'),(297,22,'douglas','2009-11-17 20:56:39','Try Login from 127.0.0.1 success'),(298,22,'douglas','2009-11-17 20:58:20','Try Login from 127.0.0.1 success'),(299,22,'douglas','2009-11-17 21:09:54','Try Login from 127.0.0.1 success'),(300,22,'douglas','2009-11-17 21:20:15','Try Login from 127.0.0.1 success'),(301,22,'douglas','2009-11-17 21:26:40','Try Login from 127.0.0.1 success'),(302,22,'douglas','2009-11-17 21:27:57','Try Login from 127.0.0.1 success'),(303,22,'douglas','2009-11-17 21:31:54','Try Login from 127.0.0.1 success'),(304,22,'douglas','2009-11-17 21:33:24','Try Login from 127.0.0.1 success'),(305,22,'douglas','2009-11-17 21:35:59','Try Login from 127.0.0.1 success'),(306,22,'douglas','2009-11-17 21:39:47','Try Login from 127.0.0.1 success'),(307,22,'douglas','2009-11-17 21:44:01','Try Login from 127.0.0.1 success'),(308,22,'douglas','2009-11-17 21:46:28','Try Login from 127.0.0.1 success'),(309,22,'douglas','2009-11-17 21:47:33','Try Login from 127.0.0.1 success'),(310,22,'douglas','2009-11-17 21:50:17','Try Login from 127.0.0.1 success'),(311,22,'douglas','2009-11-17 21:53:06','Try Login from 127.0.0.1 success'),(312,22,'douglas','2009-11-17 21:54:10','Try Login from 127.0.0.1 success'),(313,22,'douglas','2009-11-17 22:02:28','Try Login from 127.0.0.1 success'),(314,22,'douglas','2009-11-17 22:57:07','Try Login from 127.0.0.1 success'),(315,22,'douglas','2009-11-17 23:21:46','Logout from 127.0.0.1'),(316,22,'douglas','2009-11-17 23:36:33','Logout from 127.0.0.1'),(317,22,'douglas','2009-11-17 23:44:12','Try Login from 127.0.0.1 success'),(318,22,'douglas','2009-11-18 00:02:25','Try Login from 127.0.0.1 success'),(319,22,'douglas','2009-11-18 00:09:36','Try Login from 127.0.0.1 success'),(320,22,'douglas','2009-11-18 00:11:48','Try Login from 127.0.0.1 success'),(321,22,'douglas','2009-11-18 00:14:04','Try Login from 127.0.0.1 success'),(322,22,'douglas','2009-11-18 00:17:56','Try Login from 127.0.0.1 success'),(323,22,'douglas','2009-11-18 00:20:21','Try Login from 127.0.0.1 success'),(324,22,'douglas','2009-11-18 00:28:55','Try Login from 127.0.0.1 success'),(325,22,'douglas','2009-11-18 00:34:03','Try Login from 127.0.0.1 success'),(326,22,'douglas','2009-11-18 00:37:54','Try Login from 127.0.0.1 success'),(327,22,'douglas','2009-11-18 00:40:08','Try Login from 127.0.0.1 success'),(328,22,'douglas','2009-11-18 00:43:17','Try Login from 127.0.0.1 success'),(329,22,'douglas','2009-11-18 00:45:43','Try Login from 127.0.0.1 success'),(330,22,'douglas','2009-11-18 00:47:04','Try Login from 127.0.0.1 success'),(331,22,'douglas','2009-11-18 00:52:10','Try Login from 127.0.0.1 success'),(332,22,'douglas','2009-11-18 00:55:54','Try Login from 127.0.0.1 success'),(333,22,'douglas','2009-11-18 00:55:54','Try Login from 127.0.0.1 success'),(334,22,'douglas','2009-11-18 00:59:11','Try Login from 127.0.0.1 success'),(335,22,'douglas','2009-11-18 01:03:16','Try Login from 127.0.0.1 success'),(336,22,'douglas','2009-11-18 01:08:50','Try Login from 127.0.0.1 success'),(337,22,'douglas','2009-11-18 01:10:50','Try Login from 127.0.0.1 success'),(338,22,'douglas','2009-11-18 01:15:00','Try Login from 127.0.0.1 success'),(339,22,'douglas','2009-11-18 01:15:14','Try Login from 127.0.0.1 success'),(340,22,'douglas','2009-11-18 01:19:26','Try Login from 127.0.0.1 success'),(341,22,'douglas','2009-11-18 01:34:40','Try Login from 127.0.0.1 success'),(342,22,'douglas','2009-11-18 01:38:15','Try Login from 127.0.0.1 success'),(343,22,'douglas','2009-11-18 01:47:24','Try Login from 127.0.0.1 success'),(344,22,'douglas','2009-11-18 01:49:53','Try Login from 127.0.0.1 success'),(345,22,'douglas','2009-11-18 01:53:41','Try Login from 127.0.0.1 success'),(346,22,'douglas','2009-11-18 01:57:53','Try Login from 127.0.0.1 success'),(347,22,'douglas','2009-11-18 02:05:37','Try Login from 127.0.0.1 success'),(348,22,'douglas','2009-11-18 02:14:01','Try Login from 127.0.0.1 success'),(349,22,'douglas','2009-11-18 02:18:29','Try Login from 127.0.0.1 success'),(350,22,'douglas','2009-11-18 10:56:09','Try Login from 127.0.0.1 success'),(351,22,'douglas','2009-11-18 11:02:23','Logout from 127.0.0.1'),(352,22,'douglas','2009-11-18 11:02:24','Try Login from 127.0.0.1 success'),(353,22,'douglas','2009-11-18 11:10:17','Try Login from 127.0.0.1 success'),(354,22,'douglas','2009-11-18 11:10:37','Try Login from 127.0.0.1 success'),(355,22,'douglas','2009-11-18 11:14:19','Try Login from 127.0.0.1 success'),(356,22,'douglas','2009-11-18 11:25:31','Try Login from 127.0.0.1 success'),(357,22,'douglas','2009-11-18 11:26:15','Try Login from 127.0.0.1 success'),(358,22,'douglas','2009-11-18 11:27:16','Try Login from 127.0.0.1 success'),(359,22,'douglas','2009-11-18 11:30:03','Try Login from 127.0.0.1 success'),(360,22,'douglas','2009-11-18 11:31:49','Try Login from 127.0.0.1 success'),(361,22,'douglas','2009-11-18 11:32:13','Try Login from 127.0.0.1 success'),(362,22,'douglas','2009-11-18 11:37:57','Try Login from 127.0.0.1 success'),(363,22,'douglas','2009-11-18 11:38:57','Try Login from 127.0.0.1 success'),(364,22,'douglas','2009-11-18 11:39:22','Try Login from 127.0.0.1 success'),(365,22,'douglas','2009-11-18 11:40:21','Try Login from 127.0.0.1 success'),(366,22,'douglas','2009-11-18 11:42:09','Try Login from 127.0.0.1 success'),(367,22,'douglas','2009-11-18 11:42:46','Try Login from 127.0.0.1 success'),(368,22,'douglas','2009-11-18 11:44:34','Try Login from 127.0.0.1 success'),(369,22,'douglas','2009-11-18 11:45:39','Try Login from 127.0.0.1 success'),(370,22,'douglas','2009-11-18 11:48:35','Try Login from 127.0.0.1 success'),(371,22,'douglas','2009-11-18 14:38:43','Try Login from 127.0.0.1 success'),(372,22,'douglas','2009-11-18 14:50:16','Try Login from 127.0.0.1 success'),(373,22,'douglas','2009-11-18 14:50:54','Try Login from 127.0.0.1 success'),(374,22,'douglas','2009-11-18 14:57:13','Try Login from 127.0.0.1 success'),(375,22,'douglas','2009-11-18 14:58:03','Try Login from 127.0.0.1 success'),(376,22,'douglas','2009-11-18 14:59:50','Try Login from 127.0.0.1 success'),(377,22,'douglas','2009-11-18 15:19:09','Try Login from 127.0.0.1 success'),(378,22,'douglas','2009-11-18 15:23:22','Try Login from 127.0.0.1 success'),(379,22,'douglas','2009-11-18 15:25:25','Try Login from 127.0.0.1 success'),(380,22,'douglas','2009-11-18 15:33:53','Try Login from 127.0.0.1 success'),(381,22,'douglas','2009-11-18 15:37:17','Try Login from 127.0.0.1 success'),(382,22,'douglas','2009-11-18 15:39:12','Try Login from 127.0.0.1 success'),(383,22,'douglas','2009-11-18 15:40:18','Try Login from 127.0.0.1 success'),(384,22,'douglas','2009-11-18 15:41:53','Try Login from 127.0.0.1 success'),(385,22,'douglas','2009-11-18 15:49:44','Try Login from 127.0.0.1 success'),(386,22,'douglas','2009-11-18 15:50:56','Try Login from 127.0.0.1 success'),(387,22,'douglas','2009-11-18 15:51:45','Try Login from 127.0.0.1 success'),(388,22,'douglas','2009-11-18 15:57:47','Try Login from 127.0.0.1 success'),(389,22,'douglas','2009-11-18 15:59:45','Try Login from 127.0.0.1 success'),(390,22,'douglas','2009-11-18 16:02:39','Try Login from 127.0.0.1 success'),(391,22,'douglas','2009-11-18 16:09:03','Try Login from 127.0.0.1 success'),(392,22,'douglas','2009-11-18 16:10:44','Try Login from 127.0.0.1 success'),(393,22,'douglas','2009-11-18 16:12:03','Try Login from 127.0.0.1 success'),(394,22,'douglas','2009-11-18 16:27:42','Try Login from 127.0.0.1 success'),(395,22,'douglas','2009-11-18 16:29:52','Try Login from 127.0.0.1 success'),(396,22,'douglas','2009-11-18 16:30:13','Try Login from 127.0.0.1 success'),(397,22,'douglas','2009-11-18 16:30:56','Try Login from 127.0.0.1 success'),(398,22,'douglas','2009-11-18 16:32:06','Try Login from 127.0.0.1 success'),(399,22,'douglas','2009-11-18 16:38:07','Try Login from 127.0.0.1 success'),(400,22,'douglas','2009-11-19 00:15:11','Try Login from 127.0.0.1 success'),(401,22,'douglas','2009-11-19 00:18:24','Try Login from 127.0.0.1 success'),(402,22,'douglas','2009-11-19 00:25:05','Try Login from 127.0.0.1 unsuccessfully'),(403,22,'douglas','2009-11-19 00:25:09','Try Login from 127.0.0.1 success'),(404,22,'douglas','2009-11-19 00:33:24','Try Login from 127.0.0.1 success'),(405,22,'douglas','2009-11-19 00:34:09','Try Login from 127.0.0.1 success'),(406,22,'douglas','2009-11-19 00:37:37','Try Login from 127.0.0.1 success'),(407,22,'douglas','2009-11-19 00:50:44','Try Login from 127.0.0.1 success'),(408,22,'douglas','2009-11-19 01:00:23','Try Login from 127.0.0.1 success'),(409,22,'douglas','2009-11-19 01:06:59','Try Login from 127.0.0.1 success'),(410,22,'douglas','2009-11-19 01:27:09','Try Login from 127.0.0.1 success'),(411,22,'douglas','2009-11-19 01:33:03','Try Login from 127.0.0.1 success'),(412,22,'Douglas','2009-11-19 01:50:37','Try Login from 192.168.0.250 success'),(413,22,'Douglas','2009-11-19 01:54:29','Try Login from 192.168.0.250 success'),(414,22,'douglas','2009-11-19 09:48:40','Try Login from 127.0.0.1 success'),(415,22,'douglas','2009-11-19 09:52:52','Try Login from 127.0.0.1 success'),(416,22,'douglas','2009-11-19 10:05:08','Try Login from 127.0.0.1 success'),(417,22,'douglas','2009-11-19 10:53:00','Try Login from 127.0.0.1 success'),(418,22,'douglas','2009-11-19 10:54:23','Try Login from 127.0.0.1 success'),(419,22,'douglas','2009-11-19 10:55:44','Try Login from 127.0.0.1 success'),(420,22,'douglas','2009-11-19 11:00:00','Try Login from 127.0.0.1 success'),(421,22,'douglas','2009-11-19 11:02:16','Try Login from 127.0.0.1 success'),(422,22,'douglas','2009-11-19 11:02:37','Try Login from 127.0.0.1 unsuccessfully'),(423,22,'douglas','2009-11-19 11:02:40','Try Login from 127.0.0.1 success'),(424,22,'douglas','2009-11-19 11:04:44','Try Login from 127.0.0.1 success'),(425,22,'douglas','2009-11-19 11:07:20','Try Login from 127.0.0.1 success'),(426,22,'douglas','2009-11-19 11:07:43','Try Login from 127.0.0.1 success'),(427,22,'douglas','2009-11-19 11:08:04','Try Login from 127.0.0.1 success'),(428,22,'douglas','2009-11-19 11:10:36','Try Login from 127.0.0.1 success'),(429,22,'douglas','2009-11-19 11:11:38','Try Login from 127.0.0.1 success'),(430,22,'douglas','2009-11-19 11:11:57','Try Login from 127.0.0.1 success'),(431,22,'douglas','2009-11-19 11:12:38','Try Login from 127.0.0.1 success'),(432,22,'douglas','2009-11-19 11:18:25','Try Login from 127.0.0.1 success'),(433,22,'douglas','2009-11-19 11:23:34','Try Login from 127.0.0.1 success'),(434,22,'douglas','2009-11-19 11:24:13','Try Login from 127.0.0.1 success'),(435,22,'douglas','2009-11-19 11:25:59','Try Login from 127.0.0.1 success'),(436,22,'douglas','2009-11-19 11:29:03','Try Login from 127.0.0.1 success'),(437,22,'Douglas','2009-11-19 11:56:27','Try Login from 192.168.0.250 success'),(438,22,'douglas','2009-11-19 12:34:26','Logout from 127.0.0.1'),(439,22,'douglas','2009-11-19 19:24:19','Try Login from 127.0.0.1 success'),(440,22,'douglas','2009-11-19 19:42:34','Try Login from 127.0.0.1 success'),(441,22,'douglas','2009-11-20 10:24:00','Try Login from 127.0.0.1 success'),(442,22,'douglas','2009-11-20 13:16:21','Try Login from 127.0.0.1 success'),(443,22,'douglas','2009-11-20 15:11:19','Try Login from 127.0.0.1 success'),(444,22,'douglas','2009-11-21 14:34:45','Try Login from 127.0.0.1 success'),(445,22,'douglas','2009-11-21 14:40:28','Try Login from 127.0.0.1 success'),(446,22,'douglas','2009-11-21 18:01:26','Try Login from 127.0.0.1 success'),(447,22,'douglas','2009-11-21 18:09:48','Try Login from 127.0.0.1 success'),(448,22,'douglas','2009-11-21 18:12:07','Try Login from 127.0.0.1 success'),(449,22,'douglas','2009-11-21 18:13:05','Try Login from 127.0.0.1 success'),(450,22,'douglas','2009-11-21 18:20:00','Try Login from 127.0.0.1 success'),(451,22,'douglas','2009-11-21 21:27:18','Try Login from 127.0.0.1 success'),(452,22,'douglas','2009-11-23 10:29:53','Try Login from 192.168.0.250 success'),(453,22,'douglas','2009-11-23 10:30:57','Try Login from 192.168.0.250 success'),(454,22,'douglas','2009-11-23 10:31:26','Try Login from 127.0.0.1 success'),(455,22,'douglas','2009-11-23 14:39:56','Try Login from 127.0.0.1 success'),(456,22,'douglas','2009-11-23 16:00:53','Try Login from 127.0.0.1 success'),(457,22,'douglas','2009-11-24 09:50:51','Try Login from 127.0.0.1 success'),(458,22,'douglas','2009-11-24 09:52:07','Try Login from 127.0.0.1 success'),(459,22,'douglas','2009-11-24 09:53:09','Try Login from 127.0.0.1 success'),(460,22,'douglas','2009-11-24 09:54:00','Try Login from 127.0.0.1 success'),(461,22,'douglas','2009-11-24 09:54:41','Try Login from 127.0.0.1 success'),(462,22,'douglas','2009-11-24 10:15:38','Try Login from 127.0.0.1 success'),(463,22,'douglas','2009-11-24 10:46:58','Try Login from 127.0.0.1 success'),(464,22,'douglas','2009-11-24 18:02:38','Try Login from 127.0.0.1 success'),(465,22,'douglas','2009-11-24 18:21:57','Try Login from 127.0.0.1 success'),(466,22,'douglas','2009-11-24 18:50:14','Try Login from 127.0.0.1 success'),(467,22,'douglas','2009-11-24 18:51:54','Try Login from 127.0.0.1 success'),(468,22,'Douglas','2009-11-24 18:54:47','Try Login from 127.0.0.1 success'),(469,22,'douglas','2009-11-24 18:56:47','Try Login from 127.0.0.1 success'),(470,22,'douglas','2009-11-24 19:36:00','Try Login from 127.0.0.1 success'),(471,22,'douglas','2009-11-24 19:52:59','Try Login from 127.0.0.1 success'),(472,0,'ds','2009-11-24 20:54:07','Try Login from 127.0.0.1 unsuccessfully'),(473,0,'dsfdfd','2009-11-24 20:54:09','Try Login from 127.0.0.1 unsuccessfully'),(474,22,'douglas','2009-11-24 20:54:15','Try Login from 127.0.0.1 success'),(475,22,'douglas','2009-11-24 20:54:25','Try Login from 127.0.0.1 unsuccessfully'),(476,22,'douglas','2009-11-24 23:58:54','Try Login from 127.0.0.1 success'),(477,22,'douglas','2009-11-25 00:01:50','Try Login from 127.0.0.1 success'),(478,22,'douglas','2009-11-25 00:15:51','Try Login from 127.0.0.1 success'),(479,22,'douglas','2009-11-25 00:32:29','Try Login from 127.0.0.1 success'),(480,22,'douglas','2009-11-25 00:36:58','Try Login from 127.0.0.1 success'),(481,22,'douglas','2009-11-25 00:44:28','Try Login from 127.0.0.1 success'),(482,22,'douglas','2009-11-25 00:58:12','Try Login from 127.0.0.1 success'),(483,22,'douglas','2009-11-25 01:06:08','Try Login from 127.0.0.1 success'),(484,22,'douglas','2009-11-25 01:13:43','Try Login from 127.0.0.1 success'),(485,22,'douglas','2009-11-25 01:14:39','Try Login from 127.0.0.1 success'),(486,22,'douglas','2009-11-25 01:19:08','Try Login from 127.0.0.1 success'),(487,22,'douglas','2009-11-25 01:20:11','Try Login from 127.0.0.1 success'),(488,22,'douglas','2009-11-25 01:41:10','Try Login from 127.0.0.1 success'),(489,22,'douglas','2009-11-25 01:45:15','Try Login from 127.0.0.1 success'),(490,22,'douglas','2009-11-25 01:55:17','Logout from 127.0.0.1'),(491,22,'douglas','2009-11-25 02:11:15','Try Login from 127.0.0.1 success'),(492,22,'douglas','2009-11-25 09:55:12','Try Login from 192.168.0.250 success'),(493,0,'douglass','2009-11-25 09:58:43','Try Login from 192.168.0.250 unsuccessfully'),(494,22,'douglas','2009-11-25 09:58:47','Try Login from 192.168.0.250 success'),(495,22,'douglas','2009-11-25 09:59:06','Try Login from 127.0.0.1 success'),(496,22,'douglas','2009-11-25 10:43:01','Try Login from 127.0.0.1 success'),(497,22,'douglas','2009-11-25 12:09:17','Try Login from 127.0.0.1 success'),(498,22,'douglas','2009-11-25 16:00:30','Try Login from 192.168.0.250 success'),(499,22,'douglas','2009-11-25 16:01:13','Try Login from 192.168.0.250 success'),(500,22,'douglas','2009-11-25 16:48:30','Try Login from 127.0.0.1 success'),(501,22,'douglas','2009-11-25 16:50:45','Try Login from 127.0.0.1 success'),(502,22,'douglas','2009-11-25 19:22:05','Try Login from 192.168.0.250 success'),(503,22,'douglas','2009-11-25 23:44:54','Try Login from 192.168.0.250 success'),(504,22,'douglas','2009-11-26 00:44:10','Try Login from 192.168.0.250 success'),(505,22,'douglas','2009-11-26 00:46:14','Try Login from 127.0.0.1 success'),(506,22,'douglas','2009-11-26 10:46:03','Try Login from 127.0.0.1 success'),(507,22,'Douglas','2009-11-26 20:28:39','Try Login from 192.168.0.250 success'),(508,22,'Douglas','2009-11-26 21:11:05','Try Login from 192.168.0.250 success'),(509,22,'douglas','2009-11-26 21:39:33','Try Login from 127.0.0.1 success'),(510,22,'douglas','2009-11-26 21:50:04','Try Login from 127.0.0.1 success'),(511,22,'douglas','2009-11-27 10:05:34','Try Login from 127.0.0.1 success'),(512,0,'sergio','2009-11-27 10:39:24','Try Login from 192.168.0.250 unsuccessfully'),(513,34,'sergio','2009-11-27 10:42:13','Try Login from 192.168.0.250 success'),(514,22,'douglas','2009-11-27 10:51:20','Try Login from 127.0.0.1 success'),(515,34,'sergio','2009-11-27 14:18:28','Logout from 192.168.0.250'),(516,34,'sergio','2009-11-27 14:18:43','Try Login from 192.168.0.250 success'),(517,22,'douglas','2009-11-27 14:19:01','Logout from 127.0.0.1'),(518,34,'sergio','2009-11-27 14:19:16','Try Login from 127.0.0.1 success'),(519,34,'sergio','2009-11-27 14:21:58','Try Login from 127.0.0.1 success'),(520,34,'sergio','2009-11-27 14:24:05','Try Login from 127.0.0.1 success'),(521,34,'sergio','2009-11-27 14:28:25','Try Login from 127.0.0.1 success'),(522,34,'sergio','2009-11-27 14:30:19','Try Login from 127.0.0.1 success'),(523,34,'sergio','2009-11-27 14:34:32','Try Login from 127.0.0.1 success'),(524,34,'sergio','2009-11-27 14:41:41','Try Login from 127.0.0.1 success'),(525,34,'sergio','2009-11-27 14:43:05','Try Login from 127.0.0.1 success'),(526,34,'sergio','2009-11-27 14:48:34','Try Login from 127.0.0.1 success'),(527,34,'sergio','2009-11-27 14:50:51','Try Login from 127.0.0.1 success'),(528,34,'sergio','2009-11-27 15:00:49','Logout from 192.168.0.250'),(529,34,'sergio','2009-11-27 15:00:55','Try Login from 192.168.0.250 success'),(530,34,'sergio','2009-11-27 15:03:10','Try Login from 127.0.0.1 success'),(531,34,'sergio','2009-11-27 15:07:21','Try Login from 127.0.0.1 success'),(532,34,'sergio','2009-11-27 15:08:14','Try Login from 127.0.0.1 success'),(533,34,'sergio','2009-11-27 15:08:45','Try Login from 127.0.0.1 success'),(534,34,'sergio','2009-11-27 15:10:06','Try Login from 192.168.0.250 success'),(535,34,'sergio','2009-11-27 15:14:20','Try Login from 127.0.0.1 success'),(536,34,'sergio','2009-11-27 15:15:15','Try Login from 127.0.0.1 success'),(537,34,'sergio','2009-11-27 15:16:25','Try Login from 127.0.0.1 success'),(538,34,'sergio','2009-11-27 15:19:12','Try Login from 127.0.0.1 success'),(539,34,'sergio','2009-11-27 15:24:22','Try Login from 192.168.0.250 success'),(540,34,'sergio','2009-11-27 15:25:24','Try Login from 127.0.0.1 success'),(541,34,'sergio','2009-11-27 15:30:40','Try Login from 127.0.0.1 success'),(542,34,'sergio','2009-11-27 15:31:30','Try Login from 127.0.0.1 success'),(543,34,'sergio','2009-11-27 15:36:21','Try Login from 127.0.0.1 success'),(544,34,'sergio','2009-11-27 15:39:18','Try Login from 127.0.0.1 success'),(545,34,'sergio','2009-11-27 15:41:43','Try Login from 127.0.0.1 success'),(546,34,'sergio','2009-11-27 15:48:53','Try Login from 127.0.0.1 success'),(547,34,'sergio','2009-11-27 15:52:14','Try Login from 127.0.0.1 success'),(548,34,'sergio','2009-11-27 15:53:44','Try Login from 127.0.0.1 success'),(549,34,'sergio','2009-11-27 16:02:26','Try Login from 127.0.0.1 success'),(550,34,'sergio','2009-11-27 16:08:44','Try Login from 127.0.0.1 success'),(551,34,'sergio','2009-11-27 16:12:16','Try Login from 127.0.0.1 success'),(552,34,'sergio','2009-11-27 16:13:28','Try Login from 127.0.0.1 success'),(553,34,'sergio','2009-11-27 16:14:38','Try Login from 127.0.0.1 success'),(554,34,'sergio','2009-11-27 16:15:16','Try Login from 127.0.0.1 success'),(555,34,'sergio','2009-11-27 16:18:41','Try Login from 127.0.0.1 success'),(556,34,'sergio','2009-11-27 16:22:25','Try Login from 127.0.0.1 success'),(557,34,'sergio','2009-11-27 16:24:24','Try Login from 127.0.0.1 success'),(558,34,'sergio','2009-11-27 16:32:05','Try Login from 127.0.0.1 success'),(559,34,'sergio','2009-11-27 16:36:38','Try Login from 127.0.0.1 success'),(560,34,'sergio','2009-11-27 16:36:45','Try Login from 127.0.0.1 success'),(561,34,'sergio','2009-11-27 16:37:57','Try Login from 127.0.0.1 success'),(562,34,'sergio','2009-11-27 16:39:49','Try Login from 127.0.0.1 success'),(563,34,'sergio','2009-11-27 16:45:10','Try Login from 127.0.0.1 success'),(564,34,'sergio','2009-11-27 16:46:39','Try Login from 127.0.0.1 success'),(565,34,'sergio','2009-11-27 16:48:55','Try Login from 127.0.0.1 success'),(566,34,'sergio','2009-11-27 16:50:38','Try Login from 127.0.0.1 success'),(567,34,'sergio','2009-11-27 16:52:20','Try Login from 127.0.0.1 success'),(568,34,'sergio','2009-11-27 16:54:25','Try Login from 127.0.0.1 success'),(569,34,'sergio','2009-11-27 16:55:51','Try Login from 127.0.0.1 success'),(570,34,'sergio','2009-11-27 17:01:36','Try Login from 127.0.0.1 success'),(571,34,'sergio','2009-11-27 17:03:56','Try Login from 127.0.0.1 success'),(572,34,'sergio','2009-11-27 17:13:06','Try Login from 127.0.0.1 success'),(573,34,'sergio','2009-11-27 17:14:12','Try Login from 127.0.0.1 success'),(574,34,'sergio','2009-11-27 17:15:24','Try Login from 127.0.0.1 success'),(575,34,'sergio','2009-11-27 17:16:47','Try Login from 127.0.0.1 success'),(576,34,'sergio','2009-11-27 17:18:47','Try Login from 127.0.0.1 success'),(577,34,'sergio','2009-11-27 17:19:33','Try Login from 127.0.0.1 success'),(578,34,'sergio','2009-11-27 17:20:05','Try Login from 127.0.0.1 success'),(579,34,'sergio','2009-11-27 17:21:50','Try Login from 127.0.0.1 success'),(580,34,'sergio','2009-11-27 17:26:13','Try Login from 127.0.0.1 success'),(581,34,'sergio','2009-11-27 17:35:01','Try Login from 127.0.0.1 success'),(582,34,'sergio','2009-11-27 17:45:17','Try Login from 127.0.0.1 success'),(583,34,'sergio','2009-11-27 17:47:08','Try Login from 127.0.0.1 success'),(584,34,'sergio','2009-11-27 17:47:48','Try Login from 127.0.0.1 success'),(585,34,'sergio','2009-11-27 17:49:03','Try Login from 127.0.0.1 success'),(586,34,'sergio','2009-11-27 17:50:19','Try Login from 127.0.0.1 success'),(587,34,'sergio','2009-11-27 18:46:59','Try Login from 127.0.0.1 success'),(588,34,'sergio','2009-11-27 19:34:55','Try Login from 127.0.0.1 success'),(589,34,'sergio','2009-11-27 19:36:10','Try Login from 127.0.0.1 success'),(590,34,'sergio','2009-11-27 19:36:46','Try Login from 127.0.0.1 success'),(591,34,'sergio','2009-11-27 19:42:04','Try Login from 127.0.0.1 success'),(592,34,'sergio','2009-11-27 19:58:57','Try Login from 127.0.0.1 success'),(593,34,'sergio','2009-11-27 20:02:27','Try Login from 127.0.0.1 success'),(594,22,'douglas','2009-11-27 20:16:14','Try Login from 127.0.0.1 success'),(595,22,'douglas','2009-11-27 21:13:14','Try Login from 127.0.0.1 success'),(596,34,'sergio','2009-11-27 21:13:29','Try Login from 127.0.0.1 success'),(597,22,'douglas','2009-11-27 21:22:58','Try Login from 127.0.0.1 success'),(598,34,'sergio','2009-11-28 00:22:16','Try Login from 192.168.0.250 success'),(599,34,'sergio','2009-11-28 00:24:03','Try Login from 127.0.0.1 success'),(600,34,'sergio','2009-11-28 00:31:06','Try Login from 192.168.0.250 success'),(601,34,'sergio','2009-11-28 00:32:27','Try Login from 192.168.0.250 success'),(602,34,'sergio','2009-11-28 00:39:55','Try Login from 127.0.0.1 success'),(603,34,'sergio','2009-11-28 01:13:30','Try Login from 127.0.0.1 success'),(604,34,'sergio','2009-11-28 01:14:49','Try Login from 127.0.0.1 success'),(605,22,'douglas','2009-11-28 01:16:04','Try Login from 127.0.0.1 success'),(606,34,'sergio','2009-11-28 01:16:08','Try Login from 192.168.0.250 success'),(607,34,'sergio','2009-11-28 01:17:07','Try Login from 192.168.0.250 success'),(608,22,'douglas','2009-11-28 01:19:43','Try Login from 127.0.0.1 success'),(609,34,'sergio','2009-11-28 01:20:57','Try Login from 192.168.0.250 success'),(610,34,'sergio','2009-11-28 01:21:47','Try Login from 192.168.0.250 success'),(611,34,'sergio','2009-11-28 01:24:00','Try Login from 192.168.0.250 success'),(612,34,'sergio','2009-11-28 01:24:36','Try Login from 192.168.0.250 success'),(613,22,'douglas','2009-11-28 19:26:37','Try Login from 127.0.0.1 success'),(614,22,'douglas','2009-11-28 19:30:25','Try Login from 127.0.0.1 success'),(615,22,'douglas','2009-11-28 20:30:16','Try Login from 127.0.0.1 success'),(616,22,'douglas','2009-11-28 20:30:50','Try Login from 127.0.0.1 success'),(617,34,'sergio','2009-11-28 20:34:50','Try Login from 192.168.0.250 success'),(618,22,'douglas','2009-11-28 20:38:02','Try Login from 127.0.0.1 success'),(619,22,'douglas','2009-11-28 20:39:07','Try Login from 127.0.0.1 success'),(620,34,'sergio','2009-11-28 20:42:58','Try Login from 192.168.0.250 success'),(621,22,'douglas','2009-12-01 20:48:38','Try Login from 127.0.0.1 success'),(622,22,'douglas','2009-12-01 20:49:40','Try Login from 127.0.0.1 success'),(623,22,'douglas','2009-12-01 21:30:59','Try Login from 127.0.0.1 success'),(624,22,'douglas','2009-12-02 12:01:41','Try Login from 127.0.0.1 success'),(625,22,'douglas','2009-12-02 17:16:40','Try Login from 127.0.0.1 success'),(626,22,'douglas','2009-12-03 15:50:02','Try Login from 127.0.0.1 success'),(627,22,'douglas','2009-12-03 18:03:39','Try Login from 192.168.0.250 success'),(628,22,'douglas','2009-12-03 18:06:26','Try Login from 127.0.0.1 success'),(629,22,'douglas','2009-12-03 18:07:21','Try Login from 192.168.0.250 success'),(630,22,'douglas','2009-12-06 18:53:52','Try Login from 127.0.0.1 success'),(631,22,'douglas','2009-12-07 17:12:17','Try Login from 127.0.0.1 success'),(632,22,'douglas','2009-12-12 11:33:14','Try Login from 127.0.0.1 success'),(633,22,'douglas','2009-12-12 11:41:12','Try Login from 127.0.0.1 success'),(634,22,'douglas','2009-12-12 11:41:53','Try Login from 127.0.0.1 success'),(635,22,'douglas','2009-12-12 11:42:43','Try Login from 127.0.0.1 success'),(636,22,'douglas','2009-12-12 11:46:07','Try Login from 192.168.0.250 success'),(637,22,'douglas','2009-12-12 11:48:35','Try Login from 127.0.0.1 success'),(638,22,'douglas','2009-12-12 11:58:51','Try Login from 192.168.0.250 success'),(639,22,'douglas','2009-12-13 12:47:34','Try Login from 192.168.0.240 success'),(640,22,'douglas','2009-12-13 12:55:09','Try Login from 192.168.0.240 success'),(641,22,'douglas','2009-12-13 12:55:41','Logout from 192.168.0.240'),(642,22,'douglas','2009-12-13 12:55:45','Try Login from 192.168.0.240 success'),(643,22,'douglas','2009-12-13 12:56:23','Try Login from 192.168.0.240 success'),(644,22,'douglas','2009-12-13 21:08:19','Try Login from 127.0.0.1 success'),(645,22,'douglas','2009-12-14 20:14:23','Try Login from 127.0.0.1 success'),(646,22,'douglas','2009-12-15 11:42:22','Try Login from 127.0.0.1 success'),(647,22,'douglas','2009-12-15 11:42:28','Try Login from 127.0.0.1 success'),(648,22,'douglas','2009-12-15 11:42:51','Try Login from 127.0.0.1 success'),(649,22,'douglas','2009-12-15 11:44:12','Try Login from 127.0.0.1 success'),(650,0,'','2009-12-15 12:02:58','Try Login from 127.0.0.1 unsuccessfully'),(651,0,'','2009-12-15 12:03:14','Try Login from 127.0.0.1 unsuccessfully'),(652,0,'','2009-12-15 12:03:50','Try Login from 127.0.0.1 unsuccessfully'),(653,0,'','2009-12-15 13:16:12','Try Login from 127.0.0.1 unsuccessfully'),(654,0,'','2009-12-15 13:19:22','Try Login from 127.0.0.1 unsuccessfully'),(655,0,'','2009-12-15 13:21:01','Try Login from 127.0.0.1 unsuccessfully'),(656,0,'','2009-12-15 13:22:59','Try Login from 127.0.0.1 unsuccessfully'),(657,0,'','2009-12-15 13:30:46','Try Login from 127.0.0.1 unsuccessfully'),(658,0,'','2009-12-15 13:32:11','Try Login from 127.0.0.1 unsuccessfully'),(659,0,'','2009-12-15 13:32:22','Try Login from 127.0.0.1 unsuccessfully'),(660,0,'','2009-12-15 13:44:01','Try Login from 127.0.0.1 unsuccessfully'),(661,0,'','2009-12-15 13:44:49','Try Login from 127.0.0.1 unsuccessfully'),(662,0,'','2009-12-15 13:45:18','Try Login from 127.0.0.1 unsuccessfully'),(663,0,'','2009-12-15 13:45:29','Try Login from 127.0.0.1 unsuccessfully'),(664,0,'','2009-12-15 13:46:34','Try Login from 127.0.0.1 unsuccessfully'),(665,0,'','2009-12-15 13:48:01','Try Login from 127.0.0.1 unsuccessfully'),(666,0,'','2009-12-15 13:49:45','Try Login from 127.0.0.1 unsuccessfully'),(667,0,'','2009-12-15 13:50:05','Try Login from 127.0.0.1 unsuccessfully'),(668,0,'','2009-12-15 13:52:21','Try Login from 127.0.0.1 unsuccessfully'),(669,0,'------------------------','2009-12-15 13:58:12',''),(670,0,'','2009-12-15 13:58:13','Try Login from 127.0.0.1 unsuccessfully'),(671,0,'','2009-12-15 14:03:35','Try Login from 127.0.0.1 unsuccessfully'),(672,0,'','2009-12-15 14:03:49','Try Login from 127.0.0.1 unsuccessfully'),(673,0,'','2009-12-15 14:03:54','Try Login from 127.0.0.1 unsuccessfully'),(674,0,'','2009-12-15 14:04:22','Try Login from 127.0.0.1 unsuccessfully'),(675,0,'------------------------','2009-12-15 14:05:43',''),(676,0,'','2009-12-15 14:05:43','Try Login from 127.0.0.1 unsuccessfully'),(677,0,'------------------------','2009-12-15 14:06:51',''),(678,0,'','2009-12-15 14:06:51','Try Login from 127.0.0.1 unsuccessfully'),(679,0,'------------------------','2009-12-15 14:33:30',''),(680,22,'douglas','2009-12-15 14:33:30','Try Login from 127.0.0.1 success'),(681,22,'douglas','2009-12-15 14:33:31','Try Login from 127.0.0.1 success'),(682,0,'------------------------','2009-12-15 14:34:31',''),(683,22,'douglas','2009-12-15 14:34:31','Try Login from 127.0.0.1 success'),(684,22,'douglas','2009-12-15 14:34:32','Try Login from 127.0.0.1 success'),(685,0,'------------------------','2009-12-15 14:40:29',''),(686,22,'douglas','2009-12-15 14:40:29','Try Login from 127.0.0.1 success'),(687,0,'------------------------','2009-12-15 14:42:55',''),(688,22,'douglas','2009-12-15 14:42:56','Try Login from 127.0.0.1 success'),(689,0,'------------------------','2009-12-15 14:43:31',''),(690,22,'douglas','2009-12-15 14:43:31','Try Login from 127.0.0.1 success'),(691,0,'------------------------','2009-12-15 14:50:57',''),(692,22,'douglas','2009-12-15 14:50:57','Try Login from 127.0.0.1 success'),(693,0,'------------------------','2009-12-15 14:56:10',''),(694,22,'douglas','2009-12-15 14:56:10','Try Login from 127.0.0.1 success'),(695,0,'------------------------','2009-12-15 14:59:53',''),(696,22,'douglas','2009-12-15 14:59:53','Try Login from 127.0.0.1 success'),(697,0,'------------------------','2009-12-15 15:01:49',''),(698,22,'douglas','2009-12-15 15:01:50','Try Login from 127.0.0.1 success'),(699,0,'------------------------','2009-12-15 15:02:43',''),(700,22,'douglas','2009-12-15 15:02:43','Try Login from 127.0.0.1 success'),(701,22,'douglas','2009-12-15 15:02:44','Try Login from 127.0.0.1 success'),(702,22,'douglas','2009-12-15 15:02:44','Try Login from 127.0.0.1 success'),(703,0,'------------------------','2009-12-15 15:05:57',''),(704,22,'douglas','2009-12-15 15:05:57','Try Login from 127.0.0.1 success'),(705,22,'douglas','2009-12-15 15:05:58','Try Login from 127.0.0.1 success'),(706,22,'douglas','2009-12-15 15:05:58','Try Login from 127.0.0.1 success'),(707,22,'douglas','2009-12-15 15:05:58','Try Login from 127.0.0.1 success'),(708,0,'------------------------','2009-12-15 15:07:43',''),(709,22,'douglas','2009-12-15 15:07:44','Try Login from 127.0.0.1 success'),(710,0,'------------------------','2009-12-15 15:08:57',''),(711,22,'douglas','2009-12-15 15:08:58','Try Login from 127.0.0.1 success'),(712,0,'------------------------','2009-12-15 15:10:20',''),(713,22,'douglas','2009-12-15 15:10:20','Try Login from 127.0.0.1 success'),(714,0,'------------------------','2009-12-15 15:12:31',''),(715,22,'douglas','2009-12-15 15:12:31','Try Login from 127.0.0.1 success'),(716,0,'------------------------','2009-12-15 15:12:44',''),(717,22,'douglas','2009-12-15 15:12:44','Try Login from 127.0.0.1 success'),(718,0,'------------------------','2009-12-15 15:12:57',''),(719,22,'douglas','2009-12-15 15:12:57','Try Login from 127.0.0.1 success'),(720,0,'------------------------','2009-12-15 15:16:40',''),(721,22,'douglas','2009-12-15 15:16:40','Try Login from 127.0.0.1 success'),(722,0,'------------------------','2009-12-15 15:21:44',''),(723,22,'douglas','2009-12-15 15:21:44','Try Login from 127.0.0.1 success'),(724,0,'------------------------','2009-12-15 15:51:53',''),(725,22,'douglas','2009-12-15 15:51:53','Try Login from 127.0.0.1 success'),(726,0,'------------------------','2009-12-15 15:52:30',''),(727,22,'douglas','2009-12-15 15:52:30','Try Login from 127.0.0.1 success'),(728,0,'------------------------','2009-12-15 15:54:07',''),(729,22,'douglas','2009-12-15 15:54:07','Try Login from 127.0.0.1 success'),(730,0,'','2009-12-16 00:52:43','Try Login from 127.0.0.1 unsuccessfully'),(731,0,'','2009-12-16 00:53:57','Try Login from 127.0.0.1 unsuccessfully'),(732,0,'','2009-12-16 00:56:12','Try Login from 127.0.0.1 unsuccessfully'),(733,0,'','2009-12-16 00:56:47','Try Login from 127.0.0.1 unsuccessfully'),(734,0,'','2009-12-16 00:59:45','Try Login from 127.0.0.1 unsuccessfully'),(735,0,'','2009-12-16 01:00:00','Try Login from 127.0.0.1 unsuccessfully'),(736,0,'','2009-12-16 12:29:16','Try Login from 127.0.0.1 unsuccessfully'),(737,0,'','2009-12-16 12:43:47','Try Login from 127.0.0.1 unsuccessfully'),(738,22,'douglas','2009-12-16 13:16:28','Try Login from 127.0.0.1 unsuccessfully'),(739,22,'douglas','2009-12-16 17:38:17','Try Login from 127.0.0.1 success'),(740,22,'douglas','2009-12-16 17:40:18','Try Login from 127.0.0.1 success'),(741,22,'douglas','2009-12-16 17:56:51','Try Login from 127.0.0.1 success'),(742,22,'douglas','2009-12-16 18:01:41','Try Login from 127.0.0.1 success'),(743,22,'douglas','2009-12-16 18:02:47','Try Login from 127.0.0.1 success'),(744,22,'douglas','2009-12-17 14:32:51','Try Login from 127.0.0.1 success'),(745,22,'douglas','2009-12-17 15:58:21','Try Login from 127.0.0.1 success'),(746,22,'douglas','2009-12-17 16:04:26','Try Login from 127.0.0.1 success'),(747,22,'douglas','2009-12-17 16:12:20','Try Login from 127.0.0.1 success'),(748,22,'douglas','2009-12-17 21:36:29','Try Login from 127.0.0.1 success'),(749,22,'douglas','2009-12-17 21:40:35','Try Login from 127.0.0.1 success'),(750,22,'douglas','2009-12-17 21:41:26','Try Login from 127.0.0.1 success'),(751,22,'douglas','2009-12-17 21:48:13','Try Login from 127.0.0.1 success'),(752,22,'douglas','2009-12-17 21:48:23','Try Login from 127.0.0.1 success'),(753,22,'douglas','2009-12-17 21:53:49','Try Login from 127.0.0.1 success'),(754,22,'douglas','2009-12-17 22:21:37','Try Login from 127.0.0.1 success'),(755,22,'douglas','2009-12-17 22:22:58','Try Login from 127.0.0.1 success'),(756,22,'douglas','2009-12-17 23:35:56','Try Login from 127.0.0.1 success'),(757,22,'douglas','2009-12-17 23:40:47','Try Login from 127.0.0.1 success'),(758,22,'douglas','2009-12-17 23:41:29','Try Login from 127.0.0.1 success'),(759,22,'douglas','2009-12-17 23:58:55','Try Login from 127.0.0.1 success'),(760,22,'douglas','2009-12-18 00:05:39','Try Login from 127.0.0.1 success'),(761,22,'douglas','2009-12-18 00:13:22','Try Login from 127.0.0.1 success'),(762,22,'douglas','2009-12-18 00:16:08','Try Login from 127.0.0.1 success'),(763,22,'douglas','2009-12-18 00:21:58','Try Login from 127.0.0.1 success'),(764,22,'douglas','2009-12-18 00:24:38','Try Login from 127.0.0.1 success'),(765,22,'douglas','2009-12-18 00:26:34','Try Login from 127.0.0.1 success'),(766,22,'douglas','2009-12-18 00:35:04','Try Login from 127.0.0.1 success'),(767,22,'douglas','2009-12-18 00:35:17','Try Login from 127.0.0.1 success'),(768,22,'douglas','2009-12-18 00:36:46','Try Login from 127.0.0.1 success'),(769,22,'douglas','2009-12-18 00:37:41','Try Login from 127.0.0.1 success'),(770,22,'douglas','2009-12-18 00:39:13','Try Login from 127.0.0.1 success'),(771,22,'douglas','2009-12-18 00:42:45','Try Login from 127.0.0.1 success'),(772,22,'douglas','2009-12-18 00:43:33','Try Login from 127.0.0.1 success'),(773,22,'douglas','2009-12-18 00:45:05','Try Login from 127.0.0.1 success'),(774,22,'douglas','2009-12-18 00:46:00','Try Login from 127.0.0.1 success'),(775,22,'douglas','2009-12-18 00:46:52','Try Login from 127.0.0.1 success'),(776,22,'douglas','2009-12-18 00:47:31','Try Login from 127.0.0.1 success'),(777,22,'douglas','2009-12-18 00:48:16','Try Login from 127.0.0.1 success'),(778,22,'douglas','2009-12-18 00:53:33','Try Login from 127.0.0.1 success'),(779,22,'douglas','2009-12-18 00:54:35','Try Login from 127.0.0.1 success'),(780,22,'douglas','2009-12-18 01:15:22','Try Login from 127.0.0.1 success'),(781,22,'douglas','2009-12-18 02:18:00','Try Login from 127.0.0.1 success'),(782,22,'douglas','2009-12-18 02:19:35','Try Login from 127.0.0.1 success'),(783,22,'douglas','2009-12-18 02:20:59','Try Login from 127.0.0.1 success'),(784,22,'douglas','2009-12-18 02:25:57','Try Login from 127.0.0.1 success'),(785,22,'douglas','2009-12-18 02:27:37','Try Login from 127.0.0.1 success'),(786,22,'douglas','2009-12-18 17:46:32','Try Login from 127.0.0.1 success'),(787,22,'douglas','2009-12-18 17:47:14','Try Login from 127.0.0.1 success'),(788,22,'douglas','2009-12-18 17:47:30','Try Login from 127.0.0.1 success'),(789,22,'douglas','2009-12-18 17:49:37','Try Login from 127.0.0.1 success'),(790,22,'douglas','2009-12-18 17:49:53','Try Login from 127.0.0.1 success'),(791,22,'douglas','2009-12-18 17:53:53','Try Login from 127.0.0.1 success'),(792,22,'douglas','2009-12-18 17:57:01','Try Login from 127.0.0.1 success'),(793,22,'douglas','2009-12-18 17:57:37','Try Login from 127.0.0.1 success'),(794,22,'douglas','2009-12-18 17:58:02','Try Login from 127.0.0.1 success'),(795,22,'douglas','2009-12-18 17:58:50','Try Login from 127.0.0.1 success'),(796,22,'douglas','2009-12-18 18:00:16','Try Login from 127.0.0.1 success'),(797,22,'douglas','2009-12-18 18:01:17','Try Login from 127.0.0.1 success'),(798,22,'douglas','2009-12-18 18:01:45','Try Login from 127.0.0.1 success'),(799,22,'douglas','2009-12-18 18:02:41','Try Login from 127.0.0.1 success'),(800,22,'douglas','2009-12-18 18:02:49','Try Login from 127.0.0.1 success'),(801,22,'douglas','2009-12-18 18:02:52','Try Login from 127.0.0.1 success'),(802,22,'douglas','2009-12-18 18:03:32','Try Login from 127.0.0.1 success'),(803,22,'douglas','2009-12-18 18:03:58','Try Login from 127.0.0.1 success'),(804,22,'douglas','2009-12-18 18:06:26','Try Login from 127.0.0.1 success'),(805,22,'douglas','2009-12-18 20:09:55','Try Login from 127.0.0.1 success'),(806,22,'douglas','2009-12-18 20:14:24','Try Login from 127.0.0.1 success'),(807,22,'douglas','2009-12-18 20:15:32','Try Login from 127.0.0.1 success'),(808,22,'douglas','2009-12-18 20:16:08','Try Login from 127.0.0.1 success'),(809,22,'douglas','2009-12-18 20:16:26','Try Login from 127.0.0.1 success'),(810,22,'douglas','2009-12-18 20:21:37','Try Login from 127.0.0.1 success'),(811,22,'douglas','2009-12-18 20:22:10','Try Login from 127.0.0.1 success'),(812,22,'douglas','2009-12-18 20:22:29','Try Login from 127.0.0.1 success'),(813,22,'douglas','2009-12-18 20:23:12','Try Login from 127.0.0.1 success'),(814,22,'douglas','2009-12-18 20:23:16','Try Login from 127.0.0.1 success'),(815,22,'douglas','2009-12-18 20:23:17','Try Login from 127.0.0.1 success'),(816,22,'douglas','2009-12-18 20:23:26','Try Login from 127.0.0.1 success'),(817,22,'douglas','2009-12-18 20:24:53','Try Login from 127.0.0.1 success'),(818,22,'douglas','2009-12-18 20:33:31','Try Login from 127.0.0.1 success'),(819,22,'douglas','2009-12-19 09:05:00','Try Login from 127.0.0.1 success'),(820,22,'douglas','2009-12-19 10:58:12','Try Login from 127.0.0.1 success'),(821,22,'douglas','2009-12-19 12:27:10','Try Login from 127.0.0.1 success'),(822,22,'douglas','2009-12-19 12:28:25','Try Login from 127.0.0.1 success'),(823,22,'douglas','2009-12-19 12:29:07','Try Login from 127.0.0.1 success'),(824,22,'douglas','2009-12-19 12:40:14','Try Login from 192.168.0.250 success'),(825,22,'douglas','2009-12-19 15:04:58','Try Login from 127.0.0.1 success'),(826,22,'douglas','2009-12-19 15:05:48','Try Login from 127.0.0.1 success'),(827,22,'douglas','2009-12-19 15:08:25','Try Login from 127.0.0.1 success'),(828,22,'douglas','2009-12-19 15:16:21','Try Login from 127.0.0.1 success'),(829,22,'douglas','2009-12-19 15:16:30','Logout from 127.0.0.1'),(830,22,'douglas','2009-12-19 15:16:35','Try Login from 127.0.0.1 success'),(831,22,'douglas','2009-12-19 15:16:44','Logout from 127.0.0.1'),(832,22,'douglas','2009-12-19 15:16:48','Try Login from 127.0.0.1 success'),(833,22,'douglas','2009-12-19 17:06:17','Try Login from 127.0.0.1 success'),(834,22,'douglas','2009-12-19 17:10:49','Try Login from 127.0.0.1 success'),(835,22,'douglas','2009-12-19 21:38:39','Try Login from 127.0.0.1 success'),(836,22,'douglas','2009-12-19 23:11:09','Try Login from 127.0.0.1 success'),(837,22,'douglas','2009-12-20 15:50:36','Try Login from 127.0.0.1 success'),(838,22,'douglas','2009-12-20 17:22:52','Try Login from 127.0.0.1 unsuccessfully'),(839,0,'\'*\'','2009-12-20 17:23:57','Try Login from 127.0.0.1 unsuccessfully'),(840,0,'\'*\'','2009-12-20 17:23:58','Try Login from 127.0.0.1 unsuccessfully'),(841,0,'#','2009-12-20 17:59:24','Try Login from 127.0.0.1 unsuccessfully'),(842,0,'#','2009-12-20 17:59:25','Try Login from 127.0.0.1 unsuccessfully'),(843,0,'#','2009-12-20 17:59:55','Try Login from 127.0.0.1 unsuccessfully'),(844,0,'#','2009-12-20 17:59:56','Try Login from 127.0.0.1 unsuccessfully'),(845,0,'#','2009-12-20 17:59:57','Try Login from 127.0.0.1 unsuccessfully'),(846,0,'#','2009-12-20 17:59:57','Try Login from 127.0.0.1 unsuccessfully'),(847,0,'#','2009-12-20 17:59:57','Try Login from 127.0.0.1 unsuccessfully'),(848,0,'#','2009-12-20 17:59:57','Try Login from 127.0.0.1 unsuccessfully'),(849,0,'#','2009-12-20 17:59:58','Try Login from 127.0.0.1 unsuccessfully'),(850,0,'#','2009-12-20 17:59:59','Try Login from 127.0.0.1 unsuccessfully'),(851,0,'#','2009-12-20 17:59:59','Try Login from 127.0.0.1 unsuccessfully'),(852,0,'#','2009-12-20 17:59:59','Try Login from 127.0.0.1 unsuccessfully'),(853,0,'#','2009-12-20 17:59:59','Try Login from 127.0.0.1 unsuccessfully'),(854,0,'#','2009-12-20 17:59:59','Try Login from 127.0.0.1 unsuccessfully'),(855,0,'#','2009-12-20 18:00:00','Try Login from 127.0.0.1 unsuccessfully'),(856,0,'#','2009-12-20 18:00:00','Try Login from 127.0.0.1 unsuccessfully'),(857,0,'#','2009-12-20 18:00:01','Try Login from 127.0.0.1 unsuccessfully'),(858,0,'#','2009-12-20 18:00:03','Try Login from 127.0.0.1 unsuccessfully'),(859,0,'#','2009-12-20 18:00:03','Try Login from 127.0.0.1 unsuccessfully'),(860,0,'#','2009-12-20 18:00:03','Try Login from 127.0.0.1 unsuccessfully'),(861,0,'#','2009-12-20 18:00:03','Try Login from 127.0.0.1 unsuccessfully'),(862,0,'#','2009-12-20 18:00:04','Try Login from 127.0.0.1 unsuccessfully'),(863,0,'#','2009-12-20 18:00:04','Try Login from 127.0.0.1 unsuccessfully'),(864,0,'#','2009-12-20 18:00:04','Try Login from 127.0.0.1 unsuccessfully'),(865,0,'#','2009-12-20 18:00:04','Try Login from 127.0.0.1 unsuccessfully'),(866,0,'#','2009-12-20 18:00:04','Try Login from 127.0.0.1 unsuccessfully'),(867,0,'#','2009-12-20 18:00:04','Try Login from 127.0.0.1 unsuccessfully'),(868,0,'#','2009-12-20 18:00:05','Try Login from 127.0.0.1 unsuccessfully'),(869,0,'#','2009-12-20 18:00:05','Try Login from 127.0.0.1 unsuccessfully'),(870,0,'#','2009-12-20 18:00:06','Try Login from 127.0.0.1 unsuccessfully'),(871,0,'#','2009-12-20 18:00:07','Try Login from 127.0.0.1 unsuccessfully'),(872,22,'douglas','2009-12-20 18:00:30','Try Login from 127.0.0.1 success'),(873,22,'douglas','2009-12-20 18:16:13','Try Login from 127.0.0.1 success'),(874,22,'douglas','2009-12-20 18:24:39','Try Login from 127.0.0.1 success'),(875,22,'douglas','2009-12-20 18:31:18','Try Login from 127.0.0.1 success'),(876,22,'douglas','2009-12-20 18:32:27','Try Login from 127.0.0.1 success'),(877,22,'douglas','2009-12-20 18:33:13','Try Login from 127.0.0.1 success'),(878,22,'douglas','2009-12-20 18:46:19','Try Login from 127.0.0.1 success'),(879,22,'douglas  ','2009-12-20 18:56:50','Try Login from 127.0.0.1 unsuccessfully'),(880,0,'\' or \'\'=\'','2009-12-20 18:57:05','Try Login from 127.0.0.1 unsuccessfully'),(881,0,'\' or \'\'1=1\'','2009-12-20 18:57:19','Try Login from 127.0.0.1 unsuccessfully'),(882,0,'\' \'or \'\'1=1\'','2009-12-20 18:57:29','Try Login from 127.0.0.1 unsuccessfully'),(883,0,'\' \'or \'\'1=1\'fff#','2009-12-20 18:57:34','Try Login from 127.0.0.1 unsuccessfully'),(884,0,'\' \'or \'\'1=1\'fff#','2009-12-20 19:00:57','Try Login from 127.0.0.1 unsuccessfully'),(885,22,'douglas','2009-12-20 19:01:01','Try Login from 127.0.0.1 success'),(886,22,'douglas','2009-12-20 21:57:40','Try Login from 127.0.0.1 success'),(887,22,'douglas','2009-12-20 23:02:29','Try Login from 127.0.0.1 success'),(888,22,'douglas','2009-12-20 23:23:41','Try Login from 127.0.0.1 success'),(889,22,'douglas','2009-12-21 20:02:41','Try Login from 127.0.0.1 success'),(890,22,'douglas','2009-12-21 20:16:23','Try Login from 127.0.0.1 success'),(891,22,'douglas','2009-12-21 20:16:35','Try Login from 127.0.0.1 success'),(892,22,'douglas','2009-12-21 20:50:30','Try Login from 127.0.0.1 success'),(893,22,'douglas','2009-12-22 04:58:00','Try Login from 127.0.0.1 success'),(894,22,'douglas','2009-12-22 04:59:12','Try Login from 127.0.0.1 success'),(895,22,'douglas','2009-12-22 05:00:36','Try Login from 127.0.0.1 success'),(896,22,'douglas','2009-12-22 05:07:47','Try Login from 127.0.0.1 success'),(897,22,'douglas','2009-12-22 05:11:09','Try Login from 127.0.0.1 success'),(898,22,'douglas','2009-12-22 05:15:25','Try Login from 127.0.0.1 success'),(899,22,'douglas','2009-12-22 05:19:05','Try Login from 127.0.0.1 success'),(900,22,'douglas','2009-12-22 12:49:30','Try Login from 127.0.0.1 success'),(901,22,'douglas','2009-12-22 13:01:11','Try Login from 127.0.0.1 success'),(902,22,'douglas','2009-12-22 13:01:31','Try Login from 127.0.0.1 success'),(903,22,'douglas','2009-12-22 13:03:38','Try Login from 127.0.0.1 success'),(904,22,'douglas','2009-12-22 13:03:49','Try Login from 127.0.0.1 success'),(905,22,'douglas','2009-12-22 13:08:10','Try Login from 127.0.0.1 success'),(906,22,'douglas','2009-12-22 13:17:03','Try Login from 127.0.0.1 success'),(907,22,'douglas','2009-12-22 13:23:12','Try Login from 127.0.0.1 success'),(908,22,'douglas','2009-12-22 13:30:19','Try Login from 127.0.0.1 success'),(909,22,'douglas','2009-12-22 14:56:18','Try Login from 127.0.0.1 success'),(910,22,'douglas','2009-12-22 14:57:26','Try Login from 127.0.0.1 success'),(911,22,'douglas','2009-12-22 14:58:25','Try Login from 127.0.0.1 success'),(912,22,'douglas','2009-12-22 16:47:02','Try Login from 127.0.0.1 success'),(913,22,'douglas','2009-12-24 21:24:38','Try Login from 127.0.0.1 success'),(914,22,'douglas','2009-12-26 10:03:09','Try Login from 127.0.0.1 success'),(915,22,'douglas','2009-12-28 22:04:06','Try Login from 127.0.0.1 success'),(916,22,'douglas','2009-12-30 19:51:20','Try Login from 127.0.0.1 success'),(917,22,'douglas','2010-01-05 20:43:16','Try Login from 127.0.0.1 success'),(918,22,'douglas','2010-01-06 11:37:44','Try Login from 127.0.0.1 success'),(919,22,'douglas','2010-01-06 12:14:07','Try Login from 192.168.0.250 success'),(920,22,'douglas','2010-01-07 17:13:24','Try Login from 127.0.0.1 success'),(921,22,'douglas','2010-01-07 18:03:59','Try Login from 192.168.0.254 success'),(922,22,'douglas','2010-01-07 18:08:23','Try Login from 192.168.0.254 success'),(923,22,'douglas','2010-01-07 21:03:43','Try Login from 192.168.0.254 success'),(924,22,'douglas','2010-01-07 21:05:28','Try Login from 192.168.0.254 success'),(925,22,'douglas','2010-01-07 21:06:16','Try Login from 192.168.0.254 success'),(926,22,'douglas','2010-01-07 21:06:58','Try Login from 192.168.0.254 success'),(927,22,'douglas','2010-01-07 21:42:54','Try Login from 192.168.0.250 success'),(928,22,'douglas','2010-01-07 21:44:02','Try Login from 192.168.0.250 success'),(929,22,'douglas','2010-01-07 21:46:38','Try Login from 192.168.0.250 success'),(930,22,'douglas','2010-01-07 21:47:21','Try Login from 192.168.0.250 success'),(931,22,'douglas','2010-01-07 21:50:08','Try Login from 192.168.0.250 success'),(932,22,'douglas','2010-01-07 21:58:41','Try Login from 192.168.0.250 success'),(933,22,'douglas','2010-01-08 11:20:50','Try Login from 192.168.0.254 success'),(934,22,'douglas','2010-01-08 11:21:09','Try Login from 192.168.0.254 success'),(935,22,'douglas','2010-01-08 11:55:26','Try Login from 192.168.0.254 success'),(936,22,'douglas','2010-01-08 11:59:52','Try Login from 192.168.0.254 success'),(937,22,'douglas','2010-01-08 12:18:05','Try Login from 192.168.0.254 success'),(938,22,'douglas','2010-01-09 21:54:20','Try Login from 192.168.0.254 success'),(939,22,'douglas','2010-01-09 21:55:31','Try Login from 192.168.0.254 success'),(940,22,'douglas','2010-01-09 21:55:58','Try Login from 192.168.0.254 success'),(941,11,'dfdfd','0000-00-00 00:00:00',NULL),(942,22,'douglas','2010-01-11 12:10:26','Try Login from 192.168.0.254 success'),(943,22,'douglas','2010-01-11 12:35:43','Try Login from 192.168.0.254 success'),(944,22,'douglas','2010-01-11 14:59:28','Try Login from 192.168.0.254 success'),(945,22,'douglas','2010-01-11 15:00:48','Try Login from 192.168.0.254 success'),(946,22,'douglas','2010-01-11 15:01:00','Try Login from 192.168.0.254 success'),(947,22,'douglas','2010-01-11 15:02:04','Try Login from 192.168.0.254 success'),(948,22,'douglas','2010-01-11 15:02:27','Try Login from 192.168.0.254 success'),(949,22,'douglas','2010-01-11 15:03:02','Try Login from 192.168.0.36 success'),(950,22,'douglas','2010-01-11 15:09:29','Try Login from 192.168.0.254 success'),(951,22,'douglas','2010-01-11 15:21:14','Try Login from 192.168.0.254 success'),(952,22,'douglas','2010-01-11 15:22:31','Try Login from 192.168.0.254 success'),(953,22,'douglas','2010-01-11 15:27:59','Try Login from 127.0.0.1 success'),(954,22,'douglas','2010-01-11 15:37:31','Try Login from 127.0.0.1 success'),(955,22,'douglas','2010-01-11 15:40:59','Try Login from 127.0.0.1 success'),(956,22,'douglas','2010-01-11 15:42:31','Try Login from 192.168.0.36 success'),(957,22,'douglas','2010-01-11 15:44:39','Try Login from 192.168.0.36 success'),(958,22,'douglas','2010-01-11 15:45:19','Try Login from 192.168.0.36 success'),(959,22,'douglas','2010-01-11 15:48:50','Try Login from 192.168.0.254 success'),(960,22,'douglas','2010-01-11 15:50:55','Try Login from 192.168.0.254 success'),(961,22,'douglas','2010-01-11 15:52:26','Try Login from 192.168.0.254 success'),(962,22,'douglas','2010-01-11 15:54:25','Try Login from 192.168.0.36 success'),(963,22,'douglas','2010-01-11 16:15:48','Try Login from 192.168.0.254 success'),(964,22,'douglas','2010-01-11 19:01:01','Try Login from 192.168.0.254 success'),(965,22,'douglas','2010-01-11 19:01:14','Try Login from 192.168.0.254 success'),(966,22,'douglas','2010-01-11 19:01:27','Try Login from 192.168.0.254 success'),(967,22,'douglas','2010-01-11 19:32:55','Try Login from 192.168.0.254 success'),(968,22,'douglas','2010-01-11 19:45:23','Try Login from 192.168.0.254 success'),(969,22,'douglas','2010-01-11 19:46:49','Try Login from 192.168.0.254 success'),(970,22,'douglas','2010-01-11 19:48:27','Try Login from 192.168.0.254 success'),(971,22,'douglas','2010-01-11 19:52:23','Try Login from 192.168.0.254 success'),(972,22,'douglas','2010-01-11 19:54:14','Try Login from 192.168.0.254 success'),(973,22,'douglas','2010-01-11 19:54:49','Try Login from 192.168.0.254 success'),(974,22,'douglas','2010-01-11 19:55:58','Try Login from 192.168.0.254 success'),(975,22,'douglas','2010-01-11 20:08:55','Try Login from 192.168.0.254 success'),(976,22,'douglas','2010-01-11 20:11:43','Try Login from 192.168.0.254 success'),(977,22,'douglas','2010-01-11 20:12:12','Try Login from 192.168.0.254 success'),(978,22,'douglas','2010-01-11 20:15:01','Try Login from 192.168.0.254 success'),(979,22,'douglas','2010-01-11 20:18:28','Try Login from 192.168.0.254 success'),(980,22,'douglas','2010-01-11 20:21:24','Try Login from 192.168.0.254 success'),(981,22,'douglas','2010-01-12 15:44:54','Try Login from 192.168.0.254 success'),(982,22,'douglas','2010-01-15 10:36:17','Try Login from 192.168.0.254 success'),(983,22,'douglas','2010-01-20 08:38:26','Try Login from 192.168.0.254 success'),(984,22,'douglas','2010-01-20 08:44:54','Try Login from 192.168.0.254 success'),(985,22,'douglas','2010-01-20 09:14:56','Try Login from 192.168.0.254 success'),(986,22,'douglas','2010-01-20 09:16:22','Try Login from 192.168.0.254 success'),(987,22,'douglas','2010-01-20 09:17:33','Try Login from 192.168.0.254 success'),(988,22,'douglas','2010-01-20 09:18:19','Try Login from 192.168.0.254 success'),(989,22,'douglas','2010-01-20 09:18:38','Try Login from 192.168.0.254 success'),(990,22,'douglas','2010-01-20 09:19:33','Try Login from 192.168.0.254 success'),(991,22,'douglas','2010-01-20 09:20:07','Try Login from 192.168.0.254 success'),(992,22,'douglas','2010-01-20 09:20:42','Try Login from 192.168.0.254 success'),(993,22,'douglas','2010-01-20 09:21:12','Try Login from 192.168.0.254 success'),(994,22,'douglas','2010-01-20 09:27:42','Try Login from 192.168.0.254 success'),(995,22,'douglas','2010-01-20 09:35:21','Try Login from 192.168.0.254 success'),(996,22,'douglas','2010-01-20 09:37:43','Try Login from 192.168.0.254 success'),(997,22,'douglas','2010-01-20 09:47:58','Try Login from 192.168.0.254 success'),(998,22,'douglas','2010-01-20 10:00:52','Try Login from 192.168.0.254 success'),(999,22,'douglas','2010-01-20 10:34:24','Try Login from 192.168.0.254 success'),(1000,22,'douglas','2010-01-20 10:40:50','Try Login from 192.168.0.254 success'),(1001,22,'douglas','2010-01-20 11:26:05','Try Login from 192.168.0.254 success'),(1002,22,'douglas','2010-01-20 13:56:53','Try Login from 192.168.0.250 success'),(1003,22,'douglas','2010-01-20 14:04:33','Try Login from 192.168.0.254 success'),(1004,22,'douglas','2010-01-20 14:04:52','Try Login from 192.168.0.250 success'),(1005,22,'douglas','2010-01-20 14:05:23','Try Login from 192.168.0.250 success'),(1006,22,'douglas','2010-01-20 14:06:56','Try Login from 192.168.0.254 success'),(1007,22,'douglas','2010-01-20 14:12:56','Try Login from 192.168.0.254 success'),(1008,22,'douglas','2010-01-20 14:13:36','Try Login from 192.168.0.250 success'),(1009,22,'douglas','2010-01-20 14:17:06','Try Login from 192.168.0.254 success'),(1010,22,'douglas','2010-01-20 14:17:13','Try Login from 192.168.0.250 success'),(1011,22,'douglas','2010-01-20 14:18:27','Try Login from 192.168.0.250 success'),(1012,22,'douglas','2010-01-20 14:18:34','Try Login from 192.168.0.254 success'),(1013,22,'douglas','2010-01-20 14:32:35','Try Login from 192.168.0.250 success'),(1014,22,'douglas','2010-01-20 14:32:44','Try Login from 192.168.0.254 success'),(1015,22,'douglas','2010-01-20 14:32:46','Try Login from 192.168.0.250 success'),(1016,22,'douglas','2010-01-20 14:34:16','Try Login from 192.168.0.254 success'),(1017,22,'douglas','2010-01-20 14:36:50','Try Login from 192.168.0.250 success'),(1018,22,'douglas','2010-01-20 14:37:01','Try Login from 192.168.0.254 success'),(1019,22,'douglas','2010-01-20 14:39:39','Try Login from 192.168.0.254 success'),(1020,22,'douglas','2010-01-20 16:06:18','Try Login from 192.168.0.254 success'),(1021,22,'douglas','2010-01-20 16:10:04','Try Login from 192.168.0.254 success'),(1022,22,'douglas','2010-01-20 16:10:26','Try Login from 192.168.0.254 success'),(1023,22,'douglas','2010-01-20 16:36:47','Try Login from 192.168.0.250 success'),(1024,22,'douglas','2010-01-20 16:38:44','Try Login from 192.168.0.250 success'),(1025,22,'douglas','2010-01-20 16:39:22','Try Login from 192.168.0.250 success'),(1026,22,'douglas','2010-01-20 16:43:43','Try Login from 192.168.0.254 success');
/*!40000 ALTER TABLE `logs` ENABLE KEYS */;
UNLOCK TABLES;

--
-- Table structure for table `paises`
--

DROP TABLE IF EXISTS `paises`;
SET @saved_cs_client     = @@character_set_client;
SET character_set_client = utf8;
CREATE TABLE `paises` (
  `pais` varchar(255) NOT NULL,
  `ISO_Code` varchar(2) NOT NULL,
  `Region` varchar(255) NOT NULL,
  `Capital` varchar(255) NOT NULL,
  `Currency` varchar(255) NOT NULL,
  PRIMARY KEY (`ISO_Code`)
) ENGINE=MyISAM DEFAULT CHARSET=latin1;
SET character_set_client = @saved_cs_client;

--
-- Dumping data for table `paises`
--

LOCK TABLES `paises` WRITE;
/*!40000 ALTER TABLE `paises` DISABLE KEYS */;
INSERT INTO `paises` VALUES ('Andorra','AD','Europe','Andorra la Vella','Euro'),('United Arab Emirates','AE','Middle East','Abu Dhabi','UAE Dirham'),('Afghanistan','AF','Asia','Kabul','Afghani'),('Antigua and Barbuda','AG','Central America and the Caribbean','Saint Johns','East Caribbean Dollar'),('Anguilla','AI','Central America and the Caribbean','The Valley','East Caribbean Dollar'),('Albania','AL','Europe','Tirana','Lek'),('Armenia','AM','Commonwealth of Independent States','Yerevan','Armenian Dram'),('Netherlands Antilles','AN','Central America and the Caribbean','Willemstad','Netherlands Antillean guilder'),('Angola','AO','Africa','Luanda','Kwanza'),('Antarctica','AQ','Antarctic Region','--',''),('Argentina','AR','South America','Buenos Aires','Argentine Peso'),('American Samoa','AS','Oceania','Pago Pago','US Dollar'),('Austria','AT','Europe','Vienna','Euro'),('Australia','AU','Oceania','Canberra','Australian dollar'),('Aruba','AW','Central America and the Caribbean','Oranjestad','Aruban Guilder'),('Azerbaijan','AZ','Commonwealth of Independent States','Baku (Baki)','Azerbaijani Manat'),('Bosnia and Herzegovina','BA','Bosnia and Herzegovina, Europe','Sarajevo','Convertible Marka'),('Barbados','BB','Central America and the Caribbean','Bridgetown','Barbados Dollar'),('Bangladesh','BD','Asia','Dhaka','Taka'),('Belgium','BE','Europe','Brussels','Euro'),('Burkina Faso','BF','Africa','Ouagadougou','CFA Franc BCEAO'),('Bulgaria','BG','Europe','Sofia','Lev'),('Bahrain','BH','Middle East','Manama','Bahraini Dinar'),('Burundi','BI','Africa','Bujumbura','Burundi Franc'),('Benin','BJ','Africa','Porto-Novo','CFA Franc BCEAO'),('Bermuda','BM','North America','Hamilton','Bermudian Dollar'),('Brunei Darussalam','BN','Southeast Asia','Bandar Seri Begawan','Brunei Dollar'),('Bolivia','BO','South America','La Paz /Sucre','Boliviano'),('Brazil','BR','South America','Brasilia','Brazilian Real'),('The Bahamas','BS','Central America and the Caribbean','Nassau','Bahamian Dollar'),('Bhutan','BT','Asia','Thimphu','Ngultrum'),('Bouvet Island','BV','Antarctic Region','--','Norwegian Krone'),('Botswana','BW','Africa','Gaborone','Pula'),('Belarus','BY','Commonwealth of Independent States','Minsk','Belarussian Ruble'),('Belize','BZ','Central America and the Caribbean','Belmopan','Belize Dollar'),('Canada','CA','North America','Ottawa','Canadian Dollar'),('Cocos (Keeling) Islands','CC','Southeast Asia','West Island','Australian Dollar'),('Congo, Democratic Republic of the','CD','Africa','Kinshasa','Franc Congolais'),('Central African Republic','CF','Africa','Bangui','CFA Franc BEAC'),('Congo, Republic of the','CG','Africa','Brazzaville','CFA Franc BEAC'),('Switzerland','CH','Europe','Bern','Swiss Franc'),('Cote d`Ivoire','CI','Africa','Yamoussoukro','CFA Franc BCEAO'),('Cook Islands','CK','Oceania','Avarua','New Zealand Dollar'),('Chile','CL','South America','Santiago','Chilean Peso'),('Cameroon','CM','Africa','Yaounde','CFA Franc BEAC'),('China','CN','Asia','Beijing','Yuan Renminbi'),('Colombia','CO','South America, Central America and the Caribbean','Bogota','Colombian Peso'),('Costa Rica','CR','Central America and the Caribbean','San Jose','Costa Rican Colon'),('Cuba','CU','Central America and the Caribbean','Havana','Cuban Peso'),('Cape Verde','CV','World','Praia','Cape Verdean Escudo'),('Christmas Island','CX','Southeast Asia','The Settlement','Australian Dollar'),('Cyprus','CY','Middle East','Nicosia','Cyprus Pound'),('Czech Republic','CZ','Europe','Prague','Czech Koruna'),('Germany','DE','Europe','Berlin','Euro'),('Djibouti','DJ','Africa','Djibouti','Djibouti Franc'),('Denmark','DK','Europe','Copenhagen','Danish Krone'),('Dominica','DM','Central America and the Caribbean','Roseau','East Caribbean Dollar'),('Dominican Republic','DO','Central America and the Caribbean','Santo Domingo','Dominican Peso'),('Algeria','DZ','Africa','Algiers','Algerian Dinar'),('Ecuador','EC','South America','Quito','US dollar'),('Estonia','EE','Europe','Tallinn','Kroon'),('Egypt','EG','Africa','Cairo','Egyptian Pound'),('Western Sahara','EH','Africa','--','Moroccan Dirham'),('Eritrea','ER','Africa','Asmara','Nakfa'),('Spain','ES','Europe','Madrid','Euro'),('Ethiopia','ET','Africa','Addis Ababa','Ethiopian Birr'),('Finland','FI','Europe','Helsinki','Euro'),('Fiji','FJ','Oceania','Suva','Fijian Dollar'),('Falkland Islands (Islas Malvinas)','FK','South America','Stanley','Falkland Islands Pound'),('Micronesia, Federated States of','FM','Oceania','Palikir','US dollar'),('Faroe Islands','FO','Europe','Torshavn','Danish Krone'),('France','FR','Europe','Paris','Euro'),('France, Metropolitan','FX','','--','Euro'),('Gabon','GA','Africa','Libreville','CFA Franc BEAC'),('Grenada','GD','Central America and the Caribbean','Saint George`s','East Caribbean Dollar'),('Georgia','GE','Commonwealth of Independent States','Tbilisi','Lari'),('French Guiana','GF','South America','Cayenne','Euro'),('Guernsey','GG','Europe','Saint Peter Port','Pound Sterling'),('Ghana','GH','Africa','Accra','Cedi'),('Gibraltar','GI','Europe','Gibraltar','Gibraltar Pound'),('Greenland','GL','Arctic Region','Nuuk','Danish Krone'),('The Gambia','GM','Africa','Banjul','Dalasi'),('Guinea','GN','Africa','Conakry','Guinean Franc'),('Guadeloupe','GP','Central America and the Caribbean','Basse-Terre','Euro'),('Equatorial Guinea','GQ','Africa','Malabo','CFA Franc BEAC'),('Greece','GR','Europe','Athens','Euro'),('South Georgia and the South Sandwich Islands','GS','Antarctic Region','--','Pound Sterling'),('Guatemala','GT','Central America and the Caribbean','Guatemala','Quetzal'),('Guam','GU','Oceania','Hagatna','US Dollar'),('Guinea-Bissau','GW','Africa','Bissau','CFA Franc BCEAO'),('Guyana','GY','South America','Georgetown','Guyana Dollar'),('Hong Kong (SAR)','HK','Southeast Asia','Hong Kong','Hong Kong Dollar'),('Heard Island and McDonald Islands','HM','Antarctic Region','--','Australian Dollar'),('Honduras','HN','Central America and the Caribbean','Tegucigalpa','Lempira'),('Croatia','HR','Europe','Zagreb','Kuna'),('Haiti','HT','Central America and the Caribbean','Port-au-Prince','Gourde'),('Hungary','HU','Europe','Budapest','Forint'),('Indonesia','ID','Southeast Asia','Jakarta','Rupiah'),('Ireland','IE','Europe','Dublin','Euro'),('Israel','IL','Middle East','Jerusalem','New Israeli Sheqel'),('Man, Isle of','IM','Europe','Douglas','Pound Sterling'),('India','IN','Asia','New Delhi','Indian Rupee'),('British Indian Ocean Territory','IO','World','--','US Dollar'),('Iraq','IQ','Middle East','Baghdad','Iraqi Dinar'),('Iran','IR','Middle East','Tehran','Iranian Rial'),('Iceland','IS','Arctic Region','Reykjavik','Iceland Krona'),('Italy','IT','Europe','Rome','Euro'),('Jersey','JE','Europe','Saint Helier','Pound Sterling'),('Jamaica','JM','Central America and the Caribbean','Kingston','Jamaican dollar'),('Jordan','JO','Middle East','Amman','Jordanian Dinar'),('Japan','JP','Asia','Tokyo','Yen'),('Kenya','KE','Africa','Nairobi','Kenyan shilling'),('Kyrgyzstan','KG','Commonwealth of Independent States','Bishkek','Som'),('Cambodia','KH','Southeast Asia','Phnom Penh','Riel'),('Kiribati','KI','Oceania','Tarawa','Australian dollar'),('Comoros','KM','Africa','Moroni','Comoro Franc'),('Saint Kitts and Nevis','KN','Central America and the Caribbean','Basseterre','East Caribbean Dollar'),('Korea, North','KP','Asia','Pyongyang','North Korean Won'),('Korea, South','KR','Asia','Seoul','Won'),('Kuwait','KW','Middle East','Kuwait','Kuwaiti Dinar'),('Cayman Islands','KY','Central America and the Caribbean','George Town','Cayman Islands Dollar'),('Kazakhstan','KZ','Commonwealth of Independent States','Astana','Tenge'),('Laos','LA','Southeast Asia','Vientiane','Kip'),('Lebanon','LB','Middle East','Beirut','Lebanese Pound'),('Saint Lucia','LC','Central America and the Caribbean','Castries','East Caribbean Dollar'),('Liechtenstein','LI','Europe','Vaduz','Swiss Franc'),('Sri Lanka','LK','Asia','Colombo','Sri Lanka Rupee'),('Liberia','LR','Africa','Monrovia','Liberian Dollar'),('Lesotho','LS','Africa','Maseru','Loti'),('Lithuania','LT','Europe','Vilnius','Lithuanian Litas'),('Luxembourg','LU','Europe','Luxembourg','Euro'),('Latvia','LV','Europe','Riga','Latvian Lats'),('Libya','LY','Africa','Tripoli','Libyan Dinar'),('Morocco','MA','Africa','Rabat','Moroccan Dirham'),('Monaco','MC','Europe','Monaco','Euro'),('Moldova','MD','Commonwealth of Independent States','Chisinau','Moldovan Leu'),('Madagascar','MG','Africa','Antananarivo','Malagasy Franc'),('Marshall Islands','MH','Oceania','Majuro','US dollar'),('Macedonia, The Former Yugoslav Republic of','MK','Europe','Skopje','Denar'),('Mali','ML','Africa','Bamako','CFA Franc BCEAO'),('Burma','MM','Southeast Asia','Rangoon','kyat'),('Mongolia','MN','Asia','Ulaanbaatar','Tugrik'),('Macao','MO','Southeast Asia','Macao','Pataca'),('Northern Mariana Islands','MP','Oceania','Saipan','US Dollar'),('Martinique','MQ','Central America and the Caribbean','Fort-de-France','Euro'),('Mauritania','MR','Africa','Nouakchott','Ouguiya'),('Montserrat','MS','Central America and the Caribbean','Plymouth','East Caribbean Dollar'),('Malta','MT','Europe','Valletta','Maltese Lira'),('Mauritius','MU','World','Port Louis','Mauritius Rupee'),('Maldives','MV','Asia','Male','Rufiyaa'),('Malawi','MW','Africa','Lilongwe','Kwacha'),('Mexico','MX','North America','Mexico','Mexican Peso'),('Malaysia','MY','Southeast Asia','Kuala Lumpur','Malaysian Ringgit'),('Mozambique','MZ','Africa','Maputo','Metical'),('Namibia','NA','Africa','Windhoek','Namibian Dollar'),('New Caledonia','NC','Oceania','Noumea','CFP Franc'),('Niger','NE','Africa','Niamey','CFA Franc BCEAO'),('Norfolk Island','NF','Oceania','Kingston','Australian Dollar'),('Nigeria','NG','Africa','Abuja','Naira'),('Nicaragua','NI','Central America and the Caribbean','Managua','Cordoba Oro'),('Netherlands','NL','Europe','Amsterdam','Euro'),('Norway','NO','Europe','Oslo','Norwegian Krone'),('Nepal','NP','Asia','Kathmandu','Nepalese Rupee'),('Nauru','NR','Oceania','--','Australian Dollar'),('Niue','NU','Oceania','Alofi','New Zealand Dollar'),('New Zealand','NZ','Oceania','Wellington','New Zealand Dollar'),('Oman','OM','Middle East','Muscat','Rial Omani'),('Panama','PA','Central America and the Caribbean','Panama','balboa'),('Peru','PE','South America','Lima','Nuevo Sol'),('French Polynesia','PF','Oceania','Papeete','CFP Franc'),('Papua New Guinea','PG','Oceania','Port Moresby','Kina'),('Philippines','PH','Southeast Asia','Manila','Philippine Peso'),('Pakistan','PK','Asia','Islamabad','Pakistan Rupee'),('Poland','PL','Europe','Warsaw','Zloty'),('Saint Pierre and Miquelon','PM','North America','Saint-Pierre','Euro'),('Pitcairn Islands','PN','Oceania','Adamstown','New Zealand Dollar'),('Puerto Rico','PR','Central America and the Caribbean','San Juan','US dollar'),('Palestinian Territory, Occupied','PS','','--',''),('Portugal','PT','Europe','Lisbon','Euro'),('Palau','PW','Oceania','Koror','US dollar'),('Paraguay','PY','South America','Asuncion','Guarani'),('Qatar','QA','Middle East','Doha','Qatari Rial'),('Runion','RE','World','Saint-Denis','Euro'),('Romania','RO','Europe','Bucharest','Leu'),('Russia','RU','Asia','Moscow','Russian Ruble'),('Rwanda','RW','Africa','Kigali','Rwanda Franc'),('Saudi Arabia','SA','Middle East','Riyadh','Saudi Riyal'),('Solomon Islands','SB','Oceania','Honiara','Solomon Islands Dollar'),('Seychelles','SC','Africa','Victoria','Seychelles Rupee'),('Sudan','SD','Africa','Khartoum','Sudanese Dinar'),('Sweden','SE','Europe','Stockholm','Swedish Krona'),('Singapore','SG','Southeast Asia','Singapore','Singapore Dollar'),('Saint Helena','SH','Africa','Jamestown','Saint Helenian Pound'),('Slovenia','SI','Europe','Ljubljana','Tolar'),('Svalbard','SJ','Arctic Region','Longyearbyen','Norwegian Krone'),('Slovakia','SK','Europe','Bratislava','Slovak Koruna'),('Sierra Leone','SL','Africa','Freetown','Leone'),('San Marino','SM','Europe','San Marino','Euro'),('Senegal','SN','Africa','Dakar','CFA Franc BCEAO'),('Somalia','SO','Africa','Mogadishu','Somali Shilling'),('Suriname','SR','South America','Paramaribo','Suriname Guilder'),('So Tom?and Prncipe','ST','Africa','Sao Tome','Dobra'),('El Salvador','SV','Central America and the Caribbean','San Salvador','El Salvador Colon'),('Syria','SY','Middle East','Damascus','Syrian Pound'),('Swaziland','SZ','Africa','Mbabane','Lilangeni'),('Turks and Caicos Islands','TC','Central America and the Caribbean','Cockburn Town','US Dollar'),('Chad','TD','Africa','NDjamena','CFA Franc BEAC'),('French Southern and Antarctic Lands','TF','Antarctic Region','--','Euro'),('Togo','TG','Africa','Lome','CFA Franc BCEAO'),('Thailand','TH','Southeast Asia','Bangkok','Baht'),('Tajikistan','TJ','Commonwealth of Independent States','Dushanbe','Somoni'),('Tokelau','TK','Oceania','--','New Zealand Dollar'),('Turkmenistan','TM','Commonwealth of Independent States','Ashgabat','Manat'),('Tunisia','TN','Africa','Tunis','Tunisian Dinar'),('Tonga','TO','Oceania','Nuku\'alofa','Pa\'anga'),('East Timor','TP','','--','Timor Escudo'),('Turkey','TR','Middle East','Ankara','Turkish Lira'),('Trinidad and Tobago','TT','Central America and the Caribbean','Port-of-Spain','Trinidad and Tobago Dollar'),('Tuvalu','TV','Oceania','Funafuti','Australian Dollar'),('Taiwan','TW','Southeast Asia','Taipei','New Taiwan Dollar'),('Tanzania','TZ','Africa','Dar es Salaam','Tanzanian Shilling'),('Ukraine','UA','Commonwealth of Independent States','Kiev','Hryvnia'),('Uganda','UG','Africa','Kampala','Uganda Shilling'),('United Kingdom','UK','Europe','London','Pound Sterling'),('United States Minor Outlying Islands','UM','','--','US Dollar'),('United States','US','North America','Washington, DC','US Dollar'),('Uruguay','UY','South America','Montevideo','Peso Uruguayo'),('Uzbekistan','UZ','Commonwealth of Independent States','Tashkent','Uzbekistan Sum'),('Holy See (Vatican City)','VA','Europe','Vatican City','Euro'),('Saint Vincent and the Grenadines','VC','Central America and the Caribbean','Kingstown','East Caribbean Dollar'),('Venezuela','VE','South America, Central America and the Caribbean','Caracas','Bolivar'),('British Virgin Islands','VG','Central America and the Caribbean','Road Town','US dollar'),('Virgin Islands','VI','Central America and the Caribbean','Charlotte Amalie','US Dollar'),('Vietnam','VN','Southeast Asia','Hanoi','Dong'),('Vanuatu','VU','Oceania','Port-Vila','Vatu'),('Wallis and Futuna','WF','Oceania','Mata-Utu','CFP Franc'),('Samoa','WS','Oceania','Apia','Tala'),('Yemen','YE','Middle East','Sanaa','Yemeni Rial'),('Mayotte','YT','Africa','Mamoutzou','Euro'),('Yugoslavia','YU','Europe','Belgrade','Yugoslavian Dinar'),('South Africa','ZA','Africa','Pretoria','Rand'),('Zambia','ZM','Africa','Lusaka','Kwacha'),('Zimbabwe','ZW','Africa','Harare','Zimbabwe Dollar'),('Proxy Server','PX','Internet','',''),('European Union','EU','Europe','none','Euro');
/*!40000 ALTER TABLE `paises` ENABLE KEYS */;
UNLOCK TABLES;

--
-- Table structure for table `preferencias`
--

DROP TABLE IF EXISTS `preferencias`;
SET @saved_cs_client     = @@character_set_client;
SET character_set_client = utf8;
CREATE TABLE `preferencias` (
  `id_usuario` int(11) NOT NULL,
  `clave` varchar(100) DEFAULT NULL,
  `valor` varchar(100) DEFAULT NULL,
  PRIMARY KEY (`id_usuario`)
) ENGINE=InnoDB DEFAULT CHARSET=latin1;
SET character_set_client = @saved_cs_client;

--
-- Dumping data for table `preferencias`
--

LOCK TABLES `preferencias` WRITE;
/*!40000 ALTER TABLE `preferencias` DISABLE KEYS */;
INSERT INTO `preferencias` VALUES (22,'skin','dhx_blue');
/*!40000 ALTER TABLE `preferencias` ENABLE KEYS */;
UNLOCK TABLES;

--
-- Table structure for table `proyectos`
--

DROP TABLE IF EXISTS `proyectos`;
SET @saved_cs_client     = @@character_set_client;
SET character_set_client = utf8;
CREATE TABLE `proyectos` (
  `id_proyecto` int(10) unsigned NOT NULL AUTO_INCREMENT,
  `nombre` varchar(30) DEFAULT NULL,
  `srv_host` varchar(400) DEFAULT NULL,
  `srv_main_path` varchar(400) DEFAULT NULL,
  `srv_port` varchar(10) DEFAULT NULL,
  `backup_path` varchar(400) DEFAULT NULL,
  `index_file` varchar(400) DEFAULT NULL,
  `estado` varchar(10) DEFAULT NULL,
  PRIMARY KEY (`id_proyecto`)
) ENGINE=InnoDB AUTO_INCREMENT=28 DEFAULT CHARSET=latin1;
SET character_set_client = @saved_cs_client;

--
-- Dumping data for table `proyectos`
--

LOCK TABLES `proyectos` WRITE;
/*!40000 ALTER TABLE `proyectos` DISABLE KEYS */;
INSERT INTO `proyectos` VALUES (1,'garbarino','http://server.development.com','/var/www/','34000','/backups/garbarino','/bbbb/carpeta/miar.php','Activo'),(2,'example01','http://simposium.com','/var/www/','52000','/backups/example01','index.php','Activo'),(3,'todo','http://localhost/gurski','/var/www/','52000','/backups/todo','todo.txt','Activo'),(4,'example02','http://server.testing.com','/var/www/','52000','/backups/example02','index.php','Activo'),(5,'example03','No host','/var/www/','52000','/backups/example03','index.php','Activo'),(6,'example04','root@201.217.21.146:22','/var/www/','52000','/backups/example04','index.php','Activo'),(7,'test01','http://huma','/var/www/','52000','/backups/test01','index.php','Activo'),(8,'ci3','','/var/www/','52000','/backups/ci3','src/index.php','Activo'),(9,'test_svn','','/var/www/','52000','/backups/test_svn','index.php','Inactivo'),(10,'test_svn02','','/var/www/','52000','/backups/test_svn02','index.php','Inactivo'),(11,'test_svn03','','/var/www/','52000','/backups/test_svn03','index.php','Activo'),(12,'test_svn04','','/var/www/','52000','/backups/test_svn04','index.php','Activo'),(13,'test_svn05','','/var/www/','52000','/backups/test_svn05','index.php','Activo'),(14,'test_svn06','','/var/www/','52000','/backups/test_svn06','index.php','Activo'),(22,'test_svn07','','/var/www/','52000','/backups/test_svn07','index.php','Activo'),(23,'test_svn08','','/var/www/','52000','/backups/test_svn08','index.php','Activo'),(24,'test_svn09','','/var/www/','52000','/backups/test_svn09','index.php','Activo'),(25,'test_svn13','','/var/www/','52000','/backups/test_svn13','index.php','Activo'),(26,'test_svn14','','/var/www/','52000','/backups/test_svn14','index.php','Activo'),(27,'test_svn15','','/var/www/','52000','/backups/test_svn15','index.php','Activo');
/*!40000 ALTER TABLE `proyectos` ENABLE KEYS */;
UNLOCK TABLES;

--
-- Table structure for table `roles`
--

DROP TABLE IF EXISTS `roles`;
SET @saved_cs_client     = @@character_set_client;
SET character_set_client = utf8;
CREATE TABLE `roles` (
  `rol` varchar(60) DEFAULT NULL,
  `descripcion` varchar(60) DEFAULT NULL
) ENGINE=MyISAM DEFAULT CHARSET=latin1;
SET character_set_client = @saved_cs_client;

--
-- Dumping data for table `roles`
--

LOCK TABLES `roles` WRITE;
/*!40000 ALTER TABLE `roles` DISABLE KEYS */;
INSERT INTO `roles` VALUES ('PL','Project Leader'),('DEV','Developer'),('REP','Reporter');
/*!40000 ALTER TABLE `roles` ENABLE KEYS */;
UNLOCK TABLES;

--
-- Table structure for table `sesiones`
--

DROP TABLE IF EXISTS `sesiones`;
SET @saved_cs_client     = @@character_set_client;
SET character_set_client = utf8;
CREATE TABLE `sesiones` (
  `id_sesion` int(10) unsigned NOT NULL AUTO_INCREMENT,
  `id_usuario` int(11) NOT NULL,
  `ip` varchar(16) DEFAULT NULL,
  `fecha` datetime DEFAULT NULL,
  `dia` varchar(2) DEFAULT NULL,
  `session_id` varchar(120) DEFAULT NULL,
  PRIMARY KEY (`id_sesion`)
) ENGINE=InnoDB AUTO_INCREMENT=205 DEFAULT CHARSET=latin1;
SET character_set_client = @saved_cs_client;

--
-- Dumping data for table `sesiones`
--

LOCK TABLES `sesiones` WRITE;
/*!40000 ALTER TABLE `sesiones` DISABLE KEYS */;
INSERT INTO `sesiones` VALUES (4,22,'127.0.0.1','2009-12-18 00:00:00','18','fe16122349e0bb2d80832e69055a05e0'),(5,22,'127.0.0.1','2009-12-18 02:26:00','18','fe8712a2079dd454358686148197c625'),(6,22,'127.0.0.1','2009-12-18 02:27:38','18','0238e95d0458745f8f1b61ede6e85dc9'),(7,22,'127.0.0.1','2009-12-18 17:46:36','18','13a2f4abb92661146762feb343109f24'),(8,22,'127.0.0.1','2009-12-18 17:47:17','18','d32627c99cc6058386ad6e9ecf1d28a1'),(9,22,'127.0.0.1','2009-12-18 17:47:31','18','bca68be7e946d099a247295cad47a594'),(10,22,'127.0.0.1','2009-12-18 17:49:41','18','5bbad1cfe06fd4d074eade9c9f2b11df'),(11,22,'127.0.0.1','2009-12-18 17:49:54','18','85d4ef98b25e3ade753708c473a6ad92'),(12,22,'127.0.0.1','2009-12-18 17:53:55','18','28029104b3cd2a6049c1bddcae3eb0a0'),(13,22,'127.0.0.1','2009-12-18 17:57:01','18','3b4de3265d44a6aebd0c2ee5d08db73a'),(14,22,'127.0.0.1','2009-12-18 17:57:42','18','bc2a6ac5163e73fc9689bef137931bb6'),(15,22,'127.0.0.1','2009-12-18 17:58:05','18','bbd278caddb142f1b7abe074666df293'),(16,22,'127.0.0.1','2009-12-18 17:58:52','18','069968b3ce04fc44436ce7e40090363e'),(17,22,'127.0.0.1','2009-12-18 18:00:20','18','199821a4a06694fd213e764da3a53bef'),(18,22,'127.0.0.1','2009-12-18 18:01:19','18','2eb684d9edb1a2a9d0c853b03534439b'),(19,22,'127.0.0.1','2009-12-18 18:01:46','18','95e9441f8ceecc69afde4e974057bcc4'),(20,22,'127.0.0.1','2009-12-18 18:02:42','18','c9c50bfc23961ca3b123f8c4d3556d91'),(21,22,'127.0.0.1','2009-12-18 18:02:49','18','f9b311cc8a952e559005abf19cd9c6f0'),(22,22,'127.0.0.1','2009-12-18 18:02:53','18','769accbfe014dc6abec9665efe859495'),(23,22,'127.0.0.1','2009-12-18 18:03:33','18','9efb7ed26325694e857490a9eb04afba'),(24,22,'127.0.0.1','2009-12-18 18:04:00','18','d47e2f11b741f4457b1f24eee6e64531'),(25,22,'127.0.0.1','2009-12-18 18:06:28','18','4729b8aaad85374ee1bf9d35ab566511'),(26,22,'127.0.0.1','2009-12-18 20:09:57','18','b902c4dd9e56751d6f2ceb8fbdea1091'),(27,22,'127.0.0.1','2009-12-18 20:14:26','18','e8a28a847cc7bf1092c282c3d4acc6be'),(28,22,'127.0.0.1','2009-12-18 20:15:34','18','25a4a8978b26b6e8dc003e315e4adbb7'),(29,22,'127.0.0.1','2009-12-18 20:16:09','18','e57ccf325e0d7c88080039f255019684'),(30,22,'127.0.0.1','2009-12-18 20:16:31','18','1fa37f87c0e5b91b7a924e6991e2d0b4'),(31,22,'127.0.0.1','2009-12-18 20:21:39','18','dfadc96609ae79fa3d0e9d49660531e6'),(32,22,'127.0.0.1','2009-12-18 20:22:11','18','328d2fe3d28565145cc78b79b77f0f80'),(33,22,'127.0.0.1','2009-12-18 20:22:30','18','d8e0ca3815490f3905bb801e1666f89d'),(34,22,'127.0.0.1','2009-12-18 20:23:13','18','a07fd78c0c62194b69819aa5dcb7d790'),(35,22,'127.0.0.1','2009-12-18 20:23:17','18','1430c3a352ca3f14c6c25b3a9fe22997'),(36,22,'127.0.0.1','2009-12-18 20:23:27','18','014cb0ae6c9843e79fa056cee920224a'),(37,22,'127.0.0.1','2009-12-18 20:24:54','18','39c606b6429afb7a3d011fef9bcf1c64'),(38,22,'127.0.0.1','2009-12-18 20:33:32','18','9ee468340c8cd96eeb719db32c9eb1bd'),(39,22,'127.0.0.1','2009-12-19 09:05:16','19','f1f79e08990b34ad1771db4a2b6bbb7b'),(40,22,'127.0.0.1','2009-12-19 10:58:17','19','3ec7fcb1215f4bd77fce757a2ef9a588'),(41,22,'127.0.0.1','2009-12-19 12:27:11','19','1f394203a36164ec442dd28275f79890'),(42,22,'127.0.0.1','2009-12-19 12:28:26','19','4076abe4aaa0db0e6ea37ac110e80b3d'),(43,22,'127.0.0.1','2009-12-19 12:29:08','19','cc3247d6800ea3d0e5b20d09cac5a24f'),(44,22,'192.168.0.250','2009-12-19 12:40:16','19','c7fc88f9611bf9b87336c03731be7903'),(45,22,'127.0.0.1','2009-12-19 15:05:02','19','443521fa9c27466e88a7b153725fc570'),(46,22,'127.0.0.1','2009-12-19 15:08:26','19','95a66337969b6a31a763719606a9e71c'),(47,22,'127.0.0.1','2009-12-19 15:16:25','19','1df11780bfc7ad6960baef2de9209ede'),(48,22,'127.0.0.1','2009-12-19 15:16:36','19','7dfa05c272accdb661ccdafa290eac0d'),(49,22,'127.0.0.1','2009-12-19 15:16:49','19','54a8c1c0ed98a8845c38728a85896cd8'),(50,22,'127.0.0.1','2009-12-19 17:06:23','19','28f7fea8b3e459d52d89c479d4470a02'),(51,22,'127.0.0.1','2009-12-19 17:10:50','19','2737a796dbaa70074b6d8418baa2087b'),(52,22,'127.0.0.1','2009-12-19 21:38:43','19','6d3f70ea897cad232cc3f74d1fd58136'),(53,22,'127.0.0.1','2009-12-19 23:11:13','19','00cad2102885fc6deb664463a235da63'),(54,22,'127.0.0.1','2009-12-20 15:50:37','20','cebee2abfd9c6ef3979b1fdd898bc40c'),(55,22,'127.0.0.1','2009-12-20 18:00:35','20','6d986f2eedad374c6751503780d4a7ca'),(56,22,'127.0.0.1','2009-12-20 18:16:14','20','b46db67399ee32a72cb95b031534992d'),(57,22,'127.0.0.1','2009-12-20 18:24:41','20','b8ebfa988a822551a6508f6cbcc27ea0'),(58,22,'127.0.0.1','2009-12-20 18:31:20','20','3ddf47d0b19fa9f826e7755b294e3781'),(59,22,'127.0.0.1','2009-12-20 18:32:29','20','add8603cb1db9b10b472d19ae8e6018d'),(60,22,'127.0.0.1','2009-12-20 18:33:15','20','c8e9a62d9e9b45f956e81e2397248672'),(61,22,'127.0.0.1','2009-12-20 18:46:20','20','c3124c684cf953422b17956ad649edb3'),(62,22,'127.0.0.1','2009-12-20 19:01:02','20','547060a7f57b320e204c8ea4e3c4147b'),(63,22,'127.0.0.1','2009-12-20 21:57:46','20','bcf5c8c3ee9f7933cdeaaf70f5e0504f'),(64,22,'127.0.0.1','2009-12-20 23:02:34','20','9a019017fa8f44320725f5819f4e08a1'),(65,22,'127.0.0.1','2009-12-20 23:23:44','20','e1c06f60da359e6957837d67f7856759'),(66,22,'127.0.0.1','2009-12-21 20:02:46','21','454abe38db1d1dfb017313d6b154b040'),(67,22,'127.0.0.1','2009-12-21 20:16:24','21','b367f05e89b4c980ef6cf1ead40a22e0'),(68,22,'127.0.0.1','2009-12-21 20:16:36','21','b781956628ffb9559e3508b3821e1cb1'),(69,22,'127.0.0.1','2009-12-21 20:50:31','21','feeab1c1c78d4afb4b17164b3894dba0'),(70,22,'127.0.0.1','2009-12-22 04:58:05','22','c788ba5cd4f4e3bb0e5999a928067917'),(71,22,'127.0.0.1','2009-12-22 04:59:14','22','72e91863dbf68c1853508873eb01472b'),(72,22,'127.0.0.1','2009-12-22 05:07:51','22','7e8fd4eab9ce5fddc1c57503d3f4785e'),(73,22,'127.0.0.1','2009-12-22 05:11:15','22','16c4f415d6a01bf94245b9990fd70cc6'),(74,22,'127.0.0.1','2009-12-22 05:15:26','22','4609167dddb641c3214c6f42c3ac8138'),(75,22,'127.0.0.1','2009-12-22 05:19:09','22','7ff9d9b3a23581116b9b899fa75d729c'),(76,22,'127.0.0.1','2009-12-22 12:49:31','22','35fde70283ada9fbc2e4c4b37b942892'),(77,22,'127.0.0.1','2009-12-22 13:01:12','22','cb736796407e8f1a6f2ccc10aae4257a'),(78,22,'127.0.0.1','2009-12-22 13:01:33','22','61694b2425b1213cbea1f8511aad785b'),(79,22,'127.0.0.1','2009-12-22 13:03:40','22','f6a21822117994cf0bbdb10fc4855c7b'),(80,22,'127.0.0.1','2009-12-22 13:03:53','22','3dcea35c919ecf4c31e2fb80315d304d'),(81,22,'127.0.0.1','2009-12-22 13:08:14','22','e203e5965ba37fae0882796e8bb5689c'),(82,22,'127.0.0.1','2009-12-22 13:17:07','22','54de7b2dae83193a8883a965fc7448f5'),(83,22,'127.0.0.1','2009-12-22 13:23:17','22','3a74508594357740fc91739080630dde'),(84,22,'127.0.0.1','2009-12-22 13:24:52','22','3a74508594357740fc91739080630dde'),(85,22,'127.0.0.1','2009-12-22 13:30:24','22','e7192ce93cd00ab566f08decd2e10904'),(86,22,'127.0.0.1','2009-12-22 14:56:23','22','8bd86c7cc23ffd15df23c503139dda1d'),(87,22,'127.0.0.1','2009-12-22 14:57:27','22','643997e8954b3528a3a8b0595961437c'),(88,22,'127.0.0.1','2009-12-22 14:58:29','22','53366c86fe88cb706e2a9c063a5a2883'),(89,22,'127.0.0.1','2009-12-22 16:47:08','22','3b12057c0f22f2133b1fb2a57c8cb38c'),(90,22,'127.0.0.1','2009-12-24 21:24:42','24','75c08aab74f7753103d6e9afa56be136'),(91,22,'127.0.0.1','2009-12-26 10:03:14','26','f6111921b8c78af6b430a19c9e5d9ec0'),(92,22,'127.0.0.1','2009-12-26 14:48:09','26','f6111921b8c78af6b430a19c9e5d9ec0'),(93,22,'127.0.0.1','2009-12-28 22:04:08','28','ce567531b79bc29cf70d62e44d5e240f'),(94,22,'127.0.0.1','2009-12-30 19:51:27','30','7625f7b88b5b29634424b59ade54043e'),(95,22,'192.168.0.250','2010-01-05 10:04:11','05','c7fc88f9611bf9b87336c03731be7903'),(96,22,'127.0.0.1','2010-01-05 20:43:22','05','9e2f6f69820244f7fa2cc738baecdf58'),(97,22,'127.0.0.1','2010-01-06 11:37:50','06','4cf824ee7daafa2f0472455c503ecacd'),(98,22,'192.168.0.250','2010-01-06 12:14:10','06','e9a8d8825667e36911740d0495652150'),(99,22,'127.0.0.1','2010-01-07 17:13:28','07','3568d822d174ebbe7af0b6b56e2f48db'),(100,22,'192.168.0.254','2010-01-07 18:04:03','07','fd9b8f54f53a7b4f4b33637e4f33f4ac'),(101,22,'192.168.0.254','2010-01-07 18:08:24','07','d912769fb107e77f9c6bd62bfc790521'),(102,22,'192.168.0.254','2010-01-07 21:03:45','07','ac8a7838e86acbc00dafb546961037dd'),(103,22,'192.168.0.254','2010-01-07 21:05:29','07','66806ee2b5931e7f810db37d58eceef4'),(104,22,'192.168.0.254','2010-01-07 21:06:18','07','894f728fd965a1dd8a26e94070b00501'),(105,22,'192.168.0.254','2010-01-07 21:06:59','07','53eebbef8884e73bbfe7e71d0625b300'),(106,22,'192.168.0.250','2010-01-07 21:42:55','07','dd196c0e3f93fab56e32ef4a4d68b206'),(107,22,'192.168.0.250','2010-01-07 21:44:03','07','3193de59787817a649cbc5d583fc8f4e'),(108,22,'192.168.0.250','2010-01-07 21:46:39','07','06bda882607f83495db6943beef1d3f8'),(109,22,'192.168.0.250','2010-01-07 21:47:22','07','6230478a4eee88eb774742e0b3dee34c'),(110,22,'192.168.0.250','2010-01-07 21:50:09','07','0e5bb1b0c237190e3a194cbf63878164'),(111,22,'192.168.0.250','2010-01-07 21:58:41','07','a23ad977058a1fc43d32c3b10e09d541'),(112,22,'192.168.0.254','2010-01-08 11:20:51','08','391a2d646b97efce1d0cb1608191f100'),(113,22,'192.168.0.254','2010-01-08 11:21:11','08','19ee70ddd22a90a23a854dd891243d86'),(114,22,'192.168.0.254','2010-01-08 11:55:27','08','908dc547decf9941247085e1f763865a'),(115,22,'192.168.0.254','2010-01-08 11:59:53','08','fa777796246c638c07684c2b9184fdeb'),(116,22,'192.168.0.254','2010-01-08 12:18:05','08','e5bd4cb4d5a58373c410bb2831559361'),(117,22,'192.168.0.254','2010-01-09 21:54:23','09','59e3aa493133fc940c27679295028b66'),(118,22,'192.168.0.254','2010-01-09 21:55:31','09','0b05540f79b2d2726657b1192ca1b234'),(119,22,'192.168.0.254','2010-01-09 21:55:59','09','aacd44af924c59c8ab14250e3cfdf963'),(120,22,'192.168.0.254','2010-01-11 12:10:29','11','ff029b5eb9709862eaf2413a9a464eca'),(121,22,'192.168.0.254','2010-01-11 12:35:45','11','8c1d3908c55463b56320371e1f24246b'),(122,22,'192.168.0.254','2010-01-11 14:59:29','11','e28767ca75d4dbb1bd6767bf78b7e66c'),(123,22,'192.168.0.254','2010-01-11 15:00:49','11','13f73293d4cc08a3185c9b58b431c204'),(124,22,'192.168.0.254','2010-01-11 15:01:00','11','643b74abdbb65a1f7dcde570ebef19fe'),(125,22,'192.168.0.254','2010-01-11 15:02:05','11','d91f83b4c3ec2e27a75af4496db44b18'),(126,22,'192.168.0.254','2010-01-11 15:02:29','11','d11eff760f92aa0300454451550d0366'),(127,22,'192.168.0.36','2010-01-11 15:03:08','11','91ba2fcec58bbbcb57f14a4a03bd0e28'),(128,22,'192.168.0.254','2010-01-11 15:09:31','11','a5cd2e364e4e53b229b8c68e9ddd1ac8'),(129,22,'192.168.0.254','2010-01-11 15:21:17','11','30496b19f7c7b092dc3860c26dbf12b2'),(130,22,'192.168.0.254','2010-01-11 15:22:32','11','37d617108832cf7a656967d5f27ae2e2'),(131,22,'127.0.0.1','2010-01-11 15:28:02','11','f17aedf2de30be1f6cbc1c8fcdbe41d5'),(132,22,'127.0.0.1','2010-01-11 15:37:36','11','32740b1111b04261a1249426c7fabc31'),(133,22,'127.0.0.1','2010-01-11 15:41:02','11','3e29c0d499de6a9ce14122722399c8ce'),(134,22,'192.168.0.36','2010-01-11 15:42:33','11','27cee332775fadfdd21b73d5e1335eda'),(135,22,'192.168.0.36','2010-01-11 15:44:42','11','09360281482d13e36e04ee8d562e9204'),(136,22,'192.168.0.36','2010-01-11 15:45:22','11','5983bfeaabde4c9b22b48a30f3c1ec15'),(137,22,'192.168.0.254','2010-01-11 15:48:54','11','fdf72688c1e62478c79a71953532d53d'),(138,22,'192.168.0.254','2010-01-11 15:50:57','11','fc75de08a6235112384dc6f71bc92294'),(139,22,'192.168.0.254','2010-01-11 15:52:27','11','d431fff4efa386daceb62ea6d4eda490'),(140,22,'192.168.0.36','2010-01-11 15:54:26','11','8baaabbf6719d5dc1db2ada3e7000a21'),(141,22,'192.168.0.254','2010-01-11 16:15:49','11','578d5d954364d5397b4e1e65959f6798'),(142,22,'192.168.0.254','2010-01-11 19:01:05','11','81ddd68e06fd85b53f3d27bb7f5a69c3'),(143,22,'192.168.0.254','2010-01-11 19:01:17','11','eac2cc3a3f6aa627825712d372a107f9'),(144,22,'192.168.0.254','2010-01-11 19:01:29','11','fa3117493b6d3669d4913b9b0b841cfd'),(145,22,'192.168.0.254','2010-01-11 19:33:00','11','59b730579e25c63486267cfe7e706799'),(146,22,'192.168.0.254','2010-01-11 19:45:26','11','7d5a13fcf65ac90f35d2d270bc0e2231'),(147,22,'192.168.0.254','2010-01-11 19:46:51','11','8313128b4cfbeb91d294abd3cd7e937f'),(148,22,'192.168.0.254','2010-01-11 19:48:29','11','f933872c3081d0e457361dd77a91ab02'),(149,22,'192.168.0.254','2010-01-11 19:52:26','11','5098325ef0ef830d1bc6200ec75b64df'),(150,22,'192.168.0.254','2010-01-11 19:54:17','11','45c42792d03a63b50c8b48e7007cfe29'),(151,22,'192.168.0.254','2010-01-11 19:54:50','11','fc75ee8afe23606d6c76c80edf17ca5b'),(152,22,'192.168.0.254','2010-01-11 19:56:00','11','9df7de29c7dbedaded09aa461180b2ef'),(153,22,'192.168.0.254','2010-01-11 20:08:57','11','467a5e8921b9afb8735b239b62cd039e'),(154,22,'192.168.0.254','2010-01-11 20:11:45','11','aae052919b584dd30921205c9cba5a39'),(155,22,'192.168.0.254','2010-01-11 20:12:14','11','bdee65a3c88d98bd57bc87dd19c36394'),(156,22,'192.168.0.254','2010-01-11 20:15:03','11','bb7600e6126752d1c38fadac3cf8eab6'),(157,22,'192.168.0.254','2010-01-11 20:18:29','11','3020616a87c4d62d1c4be0d07e0d584e'),(158,22,'192.168.0.254','2010-01-11 20:21:25','11','213c61e05d7a374b0fa9d2f3e00501cf'),(159,22,'192.168.0.254','2010-01-12 15:45:01','12','f4f231e936c316261675132778987555'),(160,22,'192.168.0.254','2010-01-15 10:36:21','15','e0f932b77a69e71a47db2ed52dd91e95'),(161,22,'192.168.0.254','2010-01-20 08:38:31','20','5b1fee3d345aafeaae6e440ca18ecb0e'),(162,22,'192.168.0.254','2010-01-20 08:44:56','20','a589cc8eb97f6028d0edee328c783c59'),(163,22,'192.168.0.254','2010-01-20 09:14:57','20','42db72c1ad50013a50d1e87bea8637f2'),(164,22,'192.168.0.254','2010-01-20 09:16:23','20','5df975e9f908d7fe5f0b4e8a7433cf28'),(165,22,'192.168.0.254','2010-01-20 09:17:36','20','244e65703392e3f3de1c1d80566feefa'),(166,22,'192.168.0.254','2010-01-20 09:18:22','20','29e0a02dd82c551742273f6ed114024b'),(167,22,'192.168.0.254','2010-01-20 09:18:41','20','9f9788d1eac7f25550ca345dc3926da9'),(168,22,'192.168.0.254','2010-01-20 09:19:36','20','a84f8fd0f716e5dd6b044775d879391d'),(169,22,'192.168.0.254','2010-01-20 09:20:08','20','82124ac7e7aafe5325246b373254a0cc'),(170,22,'192.168.0.254','2010-01-20 09:20:45','20','7dd7b680bffe9114d3def8fe8ad46858'),(171,22,'192.168.0.254','2010-01-20 09:21:15','20','84e27de2bf30f81193567e13b2073424'),(172,22,'192.168.0.254','2010-01-20 09:27:43','20','622fcb424730a1509e2f3ca365d01a36'),(173,22,'192.168.0.254','2010-01-20 09:35:23','20','b5aff2bf987f04655171b6ba81224a64'),(174,22,'192.168.0.254','2010-01-20 09:37:46','20','db8cd16695142961a97c724935d26b9d'),(175,22,'192.168.0.254','2010-01-20 09:47:59','20','dff15bf99a07ea3f845a3e0aaf3d7f17'),(176,22,'192.168.0.254','2010-01-20 10:00:55','20','e95a6017d1f452530a06cbe9e01c4268'),(177,22,'192.168.0.254','2010-01-20 10:34:25','20','15a4e0277c566daea6a11311ad5c21a5'),(178,22,'192.168.0.254','2010-01-20 10:40:53','20','0befb6942c6d390b59fa89097c40ae0f'),(179,22,'192.168.0.254','2010-01-20 11:26:06','20','83944b1052b6fb81fe5ff118eb72ee38'),(180,22,'192.168.0.250','2010-01-20 13:56:56','20','aa481d5ae92629a57d38ef4572b837f5'),(181,22,'192.168.0.254','2010-01-20 14:04:34','20','3b985d3749c25d4be2fbefd552ce992a'),(182,22,'192.168.0.250','2010-01-20 14:04:53','20','0eed011d8993a3a467a26ccf43573ad8'),(183,22,'192.168.0.250','2010-01-20 14:05:24','20','43e1640f3244cbd936bf5f4b553d62eb'),(184,22,'192.168.0.254','2010-01-20 14:06:58','20','f9cae8cc47869fc38843606db437aef5'),(185,22,'192.168.0.254','2010-01-20 14:12:57','20','d18159bf266c78fb7ed435b5f5aa8413'),(186,22,'192.168.0.250','2010-01-20 14:13:37','20','17ba610100ec00fec3f80699cd782d8b'),(187,22,'192.168.0.254','2010-01-20 14:17:07','20','d1a77c44ad330dbfd84d24373a008822'),(188,22,'192.168.0.250','2010-01-20 14:17:14','20','cbc21ee606121daed66e33655436c550'),(189,22,'192.168.0.250','2010-01-20 14:18:29','20','751b1c90ef606083613270d51ca3efa8'),(190,22,'192.168.0.254','2010-01-20 14:18:35','20','b7aa7dec0f1e66ae38df54c180acc836'),(191,22,'192.168.0.250','2010-01-20 14:32:36','20','2e12afe4e65ad419481129cd2d7e4b86'),(192,22,'192.168.0.254','2010-01-20 14:32:45','20','def76e54fbd8e7704b36861f74e7140c'),(193,22,'192.168.0.250','2010-01-20 14:32:48','20','9b2b583e32602dde94848b2ad648e1f7'),(194,22,'192.168.0.254','2010-01-20 14:34:19','20','5395af89ecb52173a7846f69beed18a9'),(195,22,'192.168.0.250','2010-01-20 14:36:52','20','93cf900c70b93814a9382405611c3c99'),(196,22,'192.168.0.254','2010-01-20 14:37:04','20','eb9d00bd5466197c9c3ad56a5a5d6344'),(197,22,'192.168.0.254','2010-01-20 14:39:42','20','b7a8469b1928eb44a99f21206ade9e48'),(198,22,'192.168.0.254','2010-01-20 16:06:19','20','55842e6402d649cdcc8584f2b095769d'),(199,22,'192.168.0.254','2010-01-20 16:10:05','20','4acead669f8d3fa0f2167307b7c9347b'),(200,22,'192.168.0.254','2010-01-20 16:10:30','20','337a7f43c40ece491b3a907616eaa999'),(201,22,'192.168.0.250','2010-01-20 16:36:49','20','592b8f3daf419b4b6282dec449e80eab'),(202,22,'192.168.0.250','2010-01-20 16:38:46','20','97a3896ffafad623845e501fd7ca5194'),(203,22,'192.168.0.250','2010-01-20 16:39:23','20','2f48376382a777b2bd5f917239e2b3ca'),(204,22,'192.168.0.254','2010-01-20 16:43:44','20','ad099f8da1fd93bdace78f6f70017a35');
/*!40000 ALTER TABLE `sesiones` ENABLE KEYS */;
UNLOCK TABLES;

--
-- Table structure for table `sesiones_archivos`
--

DROP TABLE IF EXISTS `sesiones_archivos`;
SET @saved_cs_client     = @@character_set_client;
SET character_set_client = utf8;
CREATE TABLE `sesiones_archivos` (
  `id_sesion` int(11) NOT NULL AUTO_INCREMENT,
  `id_usuario` int(11) NOT NULL,
  `hash_code` varchar(120) NOT NULL,
  `session_id` varchar(120) DEFAULT NULL,
  PRIMARY KEY (`id_sesion`)
) ENGINE=InnoDB AUTO_INCREMENT=31 DEFAULT CHARSET=latin1;
SET character_set_client = @saved_cs_client;

--
-- Dumping data for table `sesiones_archivos`
--

LOCK TABLES `sesiones_archivos` WRITE;
/*!40000 ALTER TABLE `sesiones_archivos` DISABLE KEYS */;
INSERT INTO `sesiones_archivos` VALUES (15,22,'55a5d2eb9e72834aa4e451ba7f5d0076','b7a8469b1928eb44a99f21206ade9e48'),(18,22,'0dcdc28065543bd06833e0f28b344a11','93cf900c70b93814a9382405611c3c99'),(19,22,'0dcdc28065543bd06833e0f28b344a11','b7a8469b1928eb44a99f21206ade9e48'),(20,22,'55a5d2eb9e72834aa4e451ba7f5d0076','55842e6402d649cdcc8584f2b095769d'),(21,22,'0dcdc28065543bd06833e0f28b344a11','55842e6402d649cdcc8584f2b095769d'),(22,22,'55a5d2eb9e72834aa4e451ba7f5d0076','337a7f43c40ece491b3a907616eaa999'),(23,22,'0dcdc28065543bd06833e0f28b344a11','337a7f43c40ece491b3a907616eaa999'),(24,22,'55a5d2eb9e72834aa4e451ba7f5d0076','592b8f3daf419b4b6282dec449e80eab'),(25,22,'8ec9834115beb8db3737853944d1387a','97a3896ffafad623845e501fd7ca5194'),(26,22,'f8fd123835db147b308ad8b10eddfd74','97a3896ffafad623845e501fd7ca5194'),(27,22,'1d5c77427e6d27722599a8bae82143e8','2f48376382a777b2bd5f917239e2b3ca'),(28,22,'f8a3313288ec0da4ca0f4e44673e8a0d','2f48376382a777b2bd5f917239e2b3ca'),(29,22,'c1d3743cfa50b85fb7447a7f9376a6e9','2f48376382a777b2bd5f917239e2b3ca'),(30,22,'55a5d2eb9e72834aa4e451ba7f5d0076','ad099f8da1fd93bdace78f6f70017a35');
/*!40000 ALTER TABLE `sesiones_archivos` ENABLE KEYS */;
UNLOCK TABLES;

--
-- Table structure for table `usuarios`
--

DROP TABLE IF EXISTS `usuarios`;
SET @saved_cs_client     = @@character_set_client;
SET character_set_client = utf8;
CREATE TABLE `usuarios` (
  `id_usuario` int(10) unsigned NOT NULL AUTO_INCREMENT,
  `nick` varchar(25) DEFAULT NULL,
  `passw` varchar(150) DEFAULT NULL,
  `nombre` varchar(30) DEFAULT NULL,
  `apellido` varchar(30) DEFAULT NULL,
  `email` varchar(120) DEFAULT NULL,
  `telef` varchar(60) DEFAULT NULL,
  `pais` varchar(60) DEFAULT NULL,
  `estado` varchar(60) DEFAULT NULL,
  `ciudad` varchar(60) DEFAULT NULL,
  `dir` varchar(400) DEFAULT NULL,
  `fecha_nac` date DEFAULT NULL,
  `fecha_alta` date NOT NULL,
  PRIMARY KEY (`id_usuario`)
) ENGINE=InnoDB AUTO_INCREMENT=35 DEFAULT CHARSET=latin1;
SET character_set_client = @saved_cs_client;

--
-- Dumping data for table `usuarios`
--

LOCK TABLES `usuarios` WRITE;
/*!40000 ALTER TABLE `usuarios` DISABLE KEYS */;
INSERT INTO `usuarios` VALUES (22,'douglas','ac7be86790c08b0ef38c6acb3da3295bb1833c63','Douglas','Dembogurski ','douglas@gmail.net','fdfdf','Brazil','RS','Encarnacin','Mallorquin','1980-12-14','2009-05-28'),(23,'fede','ac7be86790c08b0ef38c6acb3da3295bb1833c63','Fede','Bordon','fede@ff','1212','Argentina','ms','ms','','1977-01-01','2009-05-28'),(24,'maldonado','ac7be86790c08b0ef38c6acb3da3295bb1833c63','Douglas','Maldonado','','','Mexico','','','','1947-01-01','2009-05-28'),(25,'test','b444ac06613fc8d63795be9ad0beaf55011936ac','test','test','test@test.com','1212145','Albania','carbean','','','1992-01-01','2009-05-29'),(26,'romina','74aa4ce72996292ed55c9486480e287c33368864','Romina','Bejarano','rominabejarano@yahoo.com','0985-655544','Argentina','Misiones','Posadas','','1982-06-06','2009-05-29'),(27,'markop','4563d4a978dd0547aded08e6a5117862dadc1df4','Markos','Bradowski','markop@romanov.com','174-555-666','Nepal','Kongre','Thiobe','','1973-08-04','2009-05-29'),(28,'federico','4999915a961edfd7686112c2935288e1266eae14','Federico','Bordon','fede@gmail.com','0985-720914','Argentina','CF','Buenos Aires','','1982-09-06','2009-05-29'),(29,'chucky','293416ced59ad1b9b0e3e38ec4bbfe5164df87ef','Federico','Bordon','fede@gmail.com','09854545','Argentina','','','','1940-01-01','2009-06-22'),(30,'romi','a88021e013f97b47fa2f345375baff67e82bf123','Romina','Benedetti','romi@gmail.com','14654564','Denmark','','','','1946-04-08','2009-06-22'),(31,'fabi','5b2040501c038ce93cabf139901871ec01ef74f3','Fabiana','Cantilo','fabi@gmail.com','1321212','Gabon','','','','1943-04-04','2009-06-22'),(32,'safari','40102dbf908059999bc913f7bf15496897be5abc','safari','safari','safari@apple.com','12112','Andorra','','','','1940-01-01','2009-06-22'),(33,'endrigo','22974078aec03c4448a62b7f4132951696b1e592','Endrigo','Rivas','endrigo.rivas@gmail.com','','Argentina','','','','1986-02-13','2009-08-14'),(34,'sergio','6ed32edf4e92ab3c0a4dc6f90242953c344051ad','Sergio Antonio','Pohlmann','sergio.pohlmann@gmail.com','','Brazil','RS','','','1967-06-07','2009-11-27');
/*!40000 ALTER TABLE `usuarios` ENABLE KEYS */;
UNLOCK TABLES;

--
-- Table structure for table `usuarios_x_proyecto`
--

DROP TABLE IF EXISTS `usuarios_x_proyecto`;
SET @saved_cs_client     = @@character_set_client;
SET character_set_client = utf8;
CREATE TABLE `usuarios_x_proyecto` (
  `id_usuario` int(11) NOT NULL,
  `id_proyecto` int(11) NOT NULL,
  `rol` varchar(60) DEFAULT NULL,
  `ocupacion` varchar(60) DEFAULT NULL,
  `estado` varchar(10) DEFAULT NULL
) ENGINE=InnoDB DEFAULT CHARSET=latin1;
SET character_set_client = @saved_cs_client;

--
-- Dumping data for table `usuarios_x_proyecto`
--

LOCK TABLES `usuarios_x_proyecto` WRITE;
/*!40000 ALTER TABLE `usuarios_x_proyecto` DISABLE KEYS */;
INSERT INTO `usuarios_x_proyecto` VALUES (22,1,'PL','Project Leader','Activo'),(22,2,'PL','Project Leader','Activo'),(22,3,'PL','Project Leader','Activo'),(22,4,'DEV','Developer','Activo'),(22,5,'PL','Project Leader','Activo'),(22,7,'PL','Project Leader','Activo'),(23,7,'DEV','Developer','Pendiente'),(23,5,'DEV','Developer','Pendiente'),(22,6,'PL','Project Leader','Activo'),(23,1,'REP','Reporter','Pendiente'),(23,3,'PL','','Pendiente'),(34,1,'DEV','Developer','Activo'),(22,8,'PL','Project Leader','Activo'),(22,9,'PL','Project Leader','Activo'),(22,10,'PL','Project Leader','Activo'),(22,11,'PL','Project Leader','Activo'),(22,12,'PL','Project Leader','Activo'),(22,13,'PL','Project Leader','Activo'),(22,14,'PL','Project Leader','Activo'),(22,15,'PL','Project Leader','Activo'),(22,16,'PL','Project Leader','Activo'),(22,17,'PL','Project Leader','Activo'),(22,18,'PL','Project Leader','Activo'),(22,19,'PL','Project Leader','Activo'),(22,20,'PL','Project Leader','Activo'),(22,21,'PL','Project Leader','Activo'),(22,22,'PL','Project Leader','Activo'),(22,23,'PL','Project Leader','Activo'),(22,24,'PL','Project Leader','Activo'),(22,25,'PL','Project Leader','Activo'),(22,26,'PL','Project Leader','Activo'),(22,27,'PL','Project Leader','Activo');
/*!40000 ALTER TABLE `usuarios_x_proyecto` ENABLE KEYS */;
UNLOCK TABLES;
/*!40103 SET TIME_ZONE=@OLD_TIME_ZONE */;

/*!40101 SET SQL_MODE=@OLD_SQL_MODE */;
/*!40014 SET FOREIGN_KEY_CHECKS=@OLD_FOREIGN_KEY_CHECKS */;
/*!40014 SET UNIQUE_CHECKS=@OLD_UNIQUE_CHECKS */;
/*!40101 SET CHARACTER_SET_CLIENT=@OLD_CHARACTER_SET_CLIENT */;
/*!40101 SET CHARACTER_SET_RESULTS=@OLD_CHARACTER_SET_RESULTS */;
/*!40101 SET COLLATION_CONNECTION=@OLD_COLLATION_CONNECTION */;
/*!40111 SET SQL_NOTES=@OLD_SQL_NOTES */;

-- Dump completed on 2010-01-20 22:31:04
